resume_id,candidate_name,experience_years,education,job_id,job_title,company,exp_required,match_score,rank,match_level,exp_fit,edu_bonus,final_score,final_rank,is_shortlisted
R001,Arjun Sharma,3,B.Tech Computer Science,J001,Data Analyst,TCS,2,12.62,88,Low Match,100,5,29.33,47,0
R001,Arjun Sharma,3,B.Tech Computer Science,J002,ML Engineer,Infosys,3,12.47,82,Low Match,100,5,29.23,51,0
R001,Arjun Sharma,3,B.Tech Computer Science,J003,BI Developer,Wipro,2,10.19,61,Low Match,100,5,27.63,31,0
R001,Arjun Sharma,3,B.Tech Computer Science,J004,Python Developer,HCL,1,23.82,1,Partial Match,100,5,37.17,1,1
R001,Arjun Sharma,3,B.Tech Computer Science,J005,Data Science Intern,Deloitte,0,12.21,33,Low Match,90,5,27.05,38,0
R002,Priya Reddy,2,B.Tech Information Technology,J001,Data Analyst,TCS,2,24.46,3,Partial Match,100,2,37.32,3,1
R002,Priya Reddy,2,B.Tech Information Technology,J002,ML Engineer,Infosys,3,11.85,91,Low Match,80,2,24.5,99,0
R002,Priya Reddy,2,B.Tech Information Technology,J003,BI Developer,Wipro,2,12.36,33,Low Match,100,2,28.85,18,0
R002,Priya Reddy,2,B.Tech Information Technology,J004,Python Developer,HCL,1,8.23,54,Low Match,100,2,25.96,32,0
R002,Priya Reddy,2,B.Tech Information Technology,J005,Data Science Intern,Deloitte,0,11.31,37,Low Match,100,2,28.12,23,0
R003,Rahul Verma,1,BCA,J001,Data Analyst,TCS,2,5.54,169,Low Match,80,3,20.18,188,0
R003,Rahul Verma,1,BCA,J002,ML Engineer,Infosys,3,2.75,181,Low Match,60,3,14.23,196,0
R003,Rahul Verma,1,BCA,J003,BI Developer,Wipro,2,3.02,174,Low Match,80,3,18.41,185,0
R003,Rahul Verma,1,BCA,J004,Python Developer,HCL,1,15.21,6,Low Match,100,3,30.95,3,1
R003,Rahul Verma,1,BCA,J005,Data Science Intern,Deloitte,0,10.27,49,Low Match,100,3,27.49,33,0
R004,Sneha Patel,4,M.Tech Data Science,J001,Data Analyst,TCS,2,21.39,10,Partial Match,100,10,35.97,6,0
R004,Sneha Patel,4,M.Tech Data Science,J002,ML Engineer,Infosys,3,29.3,2,Partial Match,100,10,41.51,2,1
R004,Sneha Patel,4,M.Tech Data Science,J003,BI Developer,Wipro,2,9.9,73,Low Match,100,10,27.93,28,0
R004,Sneha Patel,4,M.Tech Data Science,J004,Python Developer,HCL,1,6.19,94,Low Match,90,10,23.33,86,0
R004,Sneha Patel,4,M.Tech Data Science,J005,Data Science Intern,Deloitte,0,13.19,23,Low Match,80,10,26.23,52,0
R005,Karthik Nair,2,B.Tech ECE,J001,Data Analyst,TCS,2,17.14,33,Low Match,100,3,32.3,16,0
R005,Karthik Nair,2,B.Tech ECE,J002,ML Engineer,Infosys,3,7.96,116,Low Match,80,3,21.87,131,0
R005,Karthik Nair,2,B.Tech ECE,J003,BI Developer,Wipro,2,4.01,158,Low Match,100,3,23.11,113,0
R005,Karthik Nair,2,B.Tech ECE,J004,Python Developer,HCL,1,14.09,10,Low Match,100,3,30.16,6,0
R005,Karthik Nair,2,B.Tech ECE,J005,Data Science Intern,Deloitte,0,24.47,2,Partial Match,100,3,37.43,2,1
R006,Divya Menon,3,B.Tech Computer Science,J001,Data Analyst,TCS,2,7.76,145,Low Match,100,5,25.93,101,0
R006,Divya Menon,3,B.Tech Computer Science,J002,ML Engineer,Infosys,3,16.02,40,Low Match,100,5,31.71,27,0
R006,Divya Menon,3,B.Tech Computer Science,J003,BI Developer,Wipro,2,5.71,129,Low Match,100,5,24.5,81,0
R006,Divya Menon,3,B.Tech Computer Science,J004,Python Developer,HCL,1,21.34,2,Partial Match,100,5,35.44,2,1
R006,Divya Menon,3,B.Tech Computer Science,J005,Data Science Intern,Deloitte,0,6.72,110,Low Match,90,5,23.2,87,0
R007,Aditya Kumar,5,MBA + B.Tech,J001,Data Analyst,TCS,2,29.09,1,Partial Match,90,8,39.16,1,1
R007,Aditya Kumar,5,MBA + B.Tech,J002,ML Engineer,Infosys,3,5.95,145,Low Match,100,8,24.96,90,0
R007,Aditya Kumar,5,MBA + B.Tech,J003,BI Developer,Wipro,2,30.27,1,Partial Match,90,8,39.99,1,1
R007,Aditya Kumar,5,MBA + B.Tech,J004,Python Developer,HCL,1,10.69,29,Low Match,80,8,24.28,67,0
R007,Aditya Kumar,5,MBA + B.Tech,J005,Data Science Intern,Deloitte,0,7.25,99,Low Match,70,8,19.88,151,0
R008,Meera Iyer,1,B.Sc Statistics,J001,Data Analyst,TCS,2,20.17,21,Partial Match,80,3,30.42,29,0
R008,Meera Iyer,1,B.Sc Statistics,J002,ML Engineer,Infosys,3,7.24,126,Low Match,60,3,17.37,174,0
R008,Meera Iyer,1,B.Sc Statistics,J003,BI Developer,Wipro,2,8.48,87,Low Match,80,3,22.24,134,0
R008,Meera Iyer,1,B.Sc Statistics,J004,Python Developer,HCL,1,9.59,40,Low Match,100,3,27.01,23,0
R008,Meera Iyer,1,B.Sc Statistics,J005,Data Science Intern,Deloitte,0,35.48,1,Partial Match,100,3,45.14,1,1
R009,Suresh Babu,0,B.Tech CSE Final Year,J001,Data Analyst,TCS,2,0.72,202,Low Match,60,5,13.0,208,0
R009,Suresh Babu,0,B.Tech CSE Final Year,J002,ML Engineer,Infosys,3,2.27,188,Low Match,40,5,10.09,209,0
R009,Suresh Babu,0,B.Tech CSE Final Year,J003,BI Developer,Wipro,2,0.43,175,Low Match,60,5,12.8,204,0
R009,Suresh Babu,0,B.Tech CSE Final Year,J004,Python Developer,HCL,1,10.01,37,Low Match,80,5,23.51,79,0
R009,Suresh Babu,0,B.Tech CSE Final Year,J005,Data Science Intern,Deloitte,0,8.2,81,Low Match,100,5,26.24,51,0
R010,Lakshmi Devi,6,M.Tech Computer Science,J001,Data Analyst,TCS,2,10.82,104,Low Match,80,10,24.57,122,0
R010,Lakshmi Devi,6,M.Tech Computer Science,J002,ML Engineer,Infosys,3,37.73,1,Partial Match,90,10,45.41,1,1
R010,Lakshmi Devi,6,M.Tech Computer Science,J003,BI Developer,Wipro,2,7.63,96,Low Match,80,10,22.34,132,0
R010,Lakshmi Devi,6,M.Tech Computer Science,J004,Python Developer,HCL,1,3.71,149,Low Match,70,10,17.6,188,0
R010,Lakshmi Devi,6,M.Tech Computer Science,J005,Data Science Intern,Deloitte,0,9.36,59,Low Match,60,10,19.55,152,0
R011,Sunita Verma,4,BCA,J001,Data Analyst,TCS,2,14.05,62,Low Match,100,3,30.14,35,0
R011,Sunita Verma,4,BCA,J002,ML Engineer,Infosys,3,7.5,120,Low Match,100,3,25.55,80,0
R011,Sunita Verma,4,BCA,J003,BI Developer,Wipro,2,10.16,62,Low Match,100,3,27.41,35,0
R011,Sunita Verma,4,BCA,J004,Python Developer,HCL,1,15.47,4,Low Match,90,3,29.13,8,0
R011,Sunita Verma,4,BCA,J005,Data Science Intern,Deloitte,0,7.87,87,Low Match,80,3,21.81,106,0
R012,Vijay Reddy,1,M.Tech,J001,Data Analyst,TCS,2,12.62,88,Low Match,80,10,25.83,105,0
R012,Vijay Reddy,1,M.Tech,J002,ML Engineer,Infosys,3,9.76,102,Low Match,60,10,19.83,155,0
R012,Vijay Reddy,1,M.Tech,J003,BI Developer,Wipro,2,14.28,24,Low Match,80,10,27.0,43,0
R012,Vijay Reddy,1,M.Tech,J004,Python Developer,HCL,1,5.96,104,Low Match,100,10,25.17,48,0
R012,Vijay Reddy,1,M.Tech,J005,Data Science Intern,Deloitte,0,7.63,93,Low Match,100,10,26.34,49,0
R013,Kavya Singh,2,M.Tech,J001,Data Analyst,TCS,2,9.76,117,Low Match,100,10,27.83,72,0
R013,Kavya Singh,2,M.Tech,J002,ML Engineer,Infosys,3,15.69,42,Low Match,80,10,27.98,66,0
R013,Kavya Singh,2,M.Tech,J003,BI Developer,Wipro,2,3.33,171,Low Match,100,10,23.33,107,0
R013,Kavya Singh,2,M.Tech,J004,Python Developer,HCL,1,5.21,124,Low Match,100,10,24.65,56,0
R013,Kavya Singh,2,M.Tech,J005,Data Science Intern,Deloitte,0,3.01,159,Low Match,100,10,23.11,88,0
R014,Kavya Patel,1,B.Sc CS,J001,Data Analyst,TCS,2,22.48,9,Partial Match,80,3,32.04,18,0
R014,Kavya Patel,1,B.Sc CS,J002,ML Engineer,Infosys,3,3.31,172,Low Match,60,3,14.62,192,0
R014,Kavya Patel,1,B.Sc CS,J003,BI Developer,Wipro,2,11.62,47,Low Match,80,3,24.43,83,0
R014,Kavya Patel,1,B.Sc CS,J004,Python Developer,HCL,1,6.16,97,Low Match,100,3,24.61,58,0
R014,Kavya Patel,1,B.Sc CS,J005,Data Science Intern,Deloitte,0,10.78,45,Low Match,100,3,27.85,30,0
R015,Manoj Sharma,5,B.Tech IT,J001,Data Analyst,TCS,2,21.11,13,Partial Match,90,4,33.18,13,0
R015,Manoj Sharma,5,B.Tech IT,J002,ML Engineer,Infosys,3,7.32,122,Low Match,100,4,25.52,82,0
R015,Manoj Sharma,5,B.Tech IT,J003,BI Developer,Wipro,2,16.28,7,Low Match,90,4,29.8,12,0
R015,Manoj Sharma,5,B.Tech IT,J004,Python Developer,HCL,1,5.74,109,Low Match,80,4,20.42,156,0
R015,Manoj Sharma,5,B.Tech IT,J005,Data Science Intern,Deloitte,0,17.33,5,Low Match,70,4,26.53,44,0
R016,Deepak Kumar,1,M.Tech,J001,Data Analyst,TCS,2,7.61,149,Low Match,80,10,22.33,164,0
R016,Deepak Kumar,1,M.Tech,J002,ML Engineer,Infosys,3,9.64,103,Low Match,60,10,19.75,156,0
R016,Deepak Kumar,1,M.Tech,J003,BI Developer,Wipro,2,8.36,88,Low Match,80,10,22.85,123,0
R016,Deepak Kumar,1,M.Tech,J004,Python Developer,HCL,1,5.88,106,Low Match,100,10,25.12,50,0
R016,Deepak Kumar,1,M.Tech,J005,Data Science Intern,Deloitte,0,6.74,109,Low Match,100,10,25.72,61,0
R017,Rohit Reddy,1,BCA,J001,Data Analyst,TCS,2,9.07,126,Low Match,80,3,22.65,157,0
R017,Rohit Reddy,1,BCA,J002,ML Engineer,Infosys,3,13.3,72,Low Match,60,3,21.61,134,0
R017,Rohit Reddy,1,BCA,J003,BI Developer,Wipro,2,0.24,182,Low Match,80,3,16.47,201,0
R017,Rohit Reddy,1,BCA,J004,Python Developer,HCL,1,0.0,199,Low Match,100,3,20.3,158,0
R017,Rohit Reddy,1,BCA,J005,Data Science Intern,Deloitte,0,3.15,153,Low Match,100,3,22.5,96,0
R018,Amit Iyer,2,B.Sc CS,J001,Data Analyst,TCS,2,9.02,130,Low Match,100,3,26.61,95,0
R018,Amit Iyer,2,B.Sc CS,J002,ML Engineer,Infosys,3,8.4,112,Low Match,80,3,22.18,125,0
R018,Amit Iyer,2,B.Sc CS,J003,BI Developer,Wipro,2,10.28,56,Low Match,100,3,27.5,33,0
R018,Amit Iyer,2,B.Sc CS,J004,Python Developer,HCL,1,11.79,18,Low Match,100,3,28.55,14,0
R018,Amit Iyer,2,B.Sc CS,J005,Data Science Intern,Deloitte,0,6.23,116,Low Match,100,3,24.66,76,0
R019,Rohit Singh,6,M.Tech,J001,Data Analyst,TCS,2,15.65,48,Low Match,80,10,27.96,70,0
R019,Rohit Singh,6,M.Tech,J002,ML Engineer,Infosys,3,27.69,3,Partial Match,90,10,38.38,6,0
R019,Rohit Singh,6,M.Tech,J003,BI Developer,Wipro,2,4.84,142,Low Match,80,10,20.39,167,0
R019,Rohit Singh,6,M.Tech,J004,Python Developer,HCL,1,8.51,51,Low Match,70,10,20.96,136,0
R019,Rohit Singh,6,M.Tech,J005,Data Science Intern,Deloitte,0,13.59,19,Low Match,60,10,22.51,95,0
R020,Pooja Singh,4,B.Tech CSE,J001,Data Analyst,TCS,2,2.47,199,Low Match,100,5,22.23,166,0
R020,Pooja Singh,4,B.Tech CSE,J002,ML Engineer,Infosys,3,6.71,133,Low Match,100,5,25.2,85,0
R020,Pooja Singh,4,B.Tech CSE,J003,BI Developer,Wipro,2,0.2,201,Low Match,100,5,20.64,154,0
R020,Pooja Singh,4,B.Tech CSE,J004,Python Developer,HCL,1,6.26,93,Low Match,90,5,22.88,91,0
R020,Pooja Singh,4,B.Tech CSE,J005,Data Science Intern,Deloitte,0,0.0,197,Low Match,80,5,16.5,187,0
R021,Ravi Verma,5,BCA,J001,Data Analyst,TCS,2,13.36,71,Low Match,90,3,27.65,74,0
R021,Ravi Verma,5,BCA,J002,ML Engineer,Infosys,3,14.38,61,Low Match,100,3,30.37,41,0
R021,Ravi Verma,5,BCA,J003,BI Developer,Wipro,2,4.56,155,Low Match,90,3,21.49,144,0
R021,Ravi Verma,5,BCA,J004,Python Developer,HCL,1,0.47,186,Low Match,80,3,16.63,201,0
R021,Ravi Verma,5,BCA,J005,Data Science Intern,Deloitte,0,4.12,143,Low Match,70,3,17.18,183,0
R022,Pooja Nair,3,BCA,J001,Data Analyst,TCS,2,24.32,4,Partial Match,100,3,37.32,3,1
R022,Pooja Nair,3,BCA,J002,ML Engineer,Infosys,3,17.12,29,Low Match,100,3,32.28,22,0
R022,Pooja Nair,3,BCA,J003,BI Developer,Wipro,2,13.2,28,Low Match,100,3,29.54,13,0
R022,Pooja Nair,3,BCA,J004,Python Developer,HCL,1,4.66,137,Low Match,100,3,23.56,77,0
R022,Pooja Nair,3,BCA,J005,Data Science Intern,Deloitte,0,16.75,9,Low Match,90,3,30.02,12,0
R023,Deepak Patel,3,BCA,J001,Data Analyst,TCS,2,13.47,69,Low Match,100,3,29.73,40,0
R023,Deepak Patel,3,BCA,J002,ML Engineer,Infosys,3,14.51,59,Low Match,100,3,30.46,36,0
R023,Deepak Patel,3,BCA,J003,BI Developer,Wipro,2,4.6,153,Low Match,100,3,23.52,104,0
R023,Deepak Patel,3,BCA,J004,Python Developer,HCL,1,0.48,184,Low Match,100,3,20.64,148,0
R023,Deepak Patel,3,BCA,J005,Data Science Intern,Deloitte,0,4.16,141,Low Match,90,3,21.21,122,0
R024,Sunita Nair,2,B.Tech CSE,J001,Data Analyst,TCS,2,10.82,104,Low Match,100,5,28.07,68,0
R024,Sunita Nair,2,B.Tech CSE,J002,ML Engineer,Infosys,3,0.27,201,Low Match,80,5,16.69,179,0
R024,Sunita Nair,2,B.Tech CSE,J003,BI Developer,Wipro,2,12.32,35,Low Match,100,5,29.12,17,0
R024,Sunita Nair,2,B.Tech CSE,J004,Python Developer,HCL,1,0.51,182,Low Match,100,5,20.86,141,0
R024,Sunita Nair,2,B.Tech CSE,J005,Data Science Intern,Deloitte,0,1.78,164,Low Match,100,5,21.75,108,0
R025,Amit Rao,3,B.Tech CSE,J001,Data Analyst,TCS,2,5.65,166,Low Match,100,5,24.46,125,0
R025,Amit Rao,3,B.Tech CSE,J002,ML Engineer,Infosys,3,7.2,127,Low Match,100,5,25.54,81,0
R025,Amit Rao,3,B.Tech CSE,J003,BI Developer,Wipro,2,3.86,161,Low Match,100,5,23.2,111,0
R025,Amit Rao,3,B.Tech CSE,J004,Python Developer,HCL,1,7.12,74,Low Match,100,5,25.48,43,0
R025,Amit Rao,3,B.Tech CSE,J005,Data Science Intern,Deloitte,0,0.6,192,Low Match,90,5,18.92,162,0
R026,Rohit Kumar,3,B.Sc CS,J001,Data Analyst,TCS,2,3.56,185,Low Match,100,3,22.79,154,0
R026,Rohit Kumar,3,B.Sc CS,J002,ML Engineer,Infosys,3,6.15,142,Low Match,100,3,24.6,97,0
R026,Rohit Kumar,3,B.Sc CS,J003,BI Developer,Wipro,2,3.82,163,Low Match,100,3,22.97,120,0
R026,Rohit Kumar,3,B.Sc CS,J004,Python Developer,HCL,1,13.46,12,Low Match,100,3,29.72,7,0
R026,Rohit Kumar,3,B.Sc CS,J005,Data Science Intern,Deloitte,0,0.6,192,Low Match,90,3,18.72,167,0
R027,Deepak Nair,6,BCA,J001,Data Analyst,TCS,2,17.47,31,Low Match,80,3,28.53,62,0
R027,Deepak Nair,6,BCA,J002,ML Engineer,Infosys,3,18.63,20,Low Match,90,3,31.34,30,0
R027,Deepak Nair,6,BCA,J003,BI Developer,Wipro,2,12.33,34,Low Match,80,3,24.93,72,0
R027,Deepak Nair,6,BCA,J004,Python Developer,HCL,1,5.14,127,Low Match,70,3,17.9,185,0
R027,Deepak Nair,6,BCA,J005,Data Science Intern,Deloitte,0,9.04,68,Low Match,60,3,18.63,170,0
R028,Amit Joshi,3,BCA,J001,Data Analyst,TCS,2,20.55,18,Partial Match,100,3,34.68,10,0
R028,Amit Joshi,3,BCA,J002,ML Engineer,Infosys,3,12.55,80,Low Match,100,3,29.08,53,0
R028,Amit Joshi,3,BCA,J003,BI Developer,Wipro,2,10.09,67,Low Match,100,3,27.36,38,0
R028,Amit Joshi,3,BCA,J004,Python Developer,HCL,1,4.03,146,Low Match,100,3,23.12,89,0
R028,Amit Joshi,3,BCA,J005,Data Science Intern,Deloitte,0,10.29,47,Low Match,90,3,25.5,64,0
R029,Ravi Patel,3,B.Tech IT,J001,Data Analyst,TCS,2,4.3,180,Low Match,100,4,23.41,145,0
R029,Ravi Patel,3,B.Tech IT,J002,ML Engineer,Infosys,3,0.25,205,Low Match,100,4,20.58,145,0
R029,Ravi Patel,3,B.Tech IT,J003,BI Developer,Wipro,2,4.62,152,Low Match,100,4,23.63,101,0
R029,Ravi Patel,3,B.Tech IT,J004,Python Developer,HCL,1,9.53,41,Low Match,100,4,27.07,21,0
R029,Ravi Patel,3,B.Tech IT,J005,Data Science Intern,Deloitte,0,0.72,188,Low Match,90,4,18.9,163,0
R030,Sunita Rao,2,M.Tech,J001,Data Analyst,TCS,2,8.77,136,Low Match,100,10,27.14,82,0
R030,Sunita Rao,2,M.Tech,J002,ML Engineer,Infosys,3,13.95,66,Low Match,80,10,26.76,71,0
R030,Sunita Rao,2,M.Tech,J003,BI Developer,Wipro,2,10.0,69,Low Match,100,10,28.0,27,0
R030,Sunita Rao,2,M.Tech,J004,Python Developer,HCL,1,0.56,180,Low Match,100,10,21.39,117,0
R030,Sunita Rao,2,M.Tech,J005,Data Science Intern,Deloitte,0,10.45,46,Low Match,100,10,28.32,21,0
R031,Anita Patel,0,B.Sc CS,J001,Data Analyst,TCS,2,9.07,126,Low Match,60,3,18.65,198,0
R031,Anita Patel,0,B.Sc CS,J002,ML Engineer,Infosys,3,13.3,72,Low Match,40,3,17.61,171,0
R031,Anita Patel,0,B.Sc CS,J003,BI Developer,Wipro,2,0.24,182,Low Match,60,3,12.47,207,0
R031,Anita Patel,0,B.Sc CS,J004,Python Developer,HCL,1,0.0,199,Low Match,80,3,16.3,202,0
R031,Anita Patel,0,B.Sc CS,J005,Data Science Intern,Deloitte,0,3.15,153,Low Match,100,3,22.5,96,0
R032,Vijay Iyer,3,B.Tech IT,J001,Data Analyst,TCS,2,5.3,172,Low Match,100,4,24.11,132,0
R032,Vijay Iyer,3,B.Tech IT,J002,ML Engineer,Infosys,3,13.31,71,Low Match,100,4,29.72,46,0
R032,Vijay Iyer,3,B.Tech IT,J003,BI Developer,Wipro,2,3.62,167,Low Match,100,4,22.93,122,0
R032,Vijay Iyer,3,B.Tech IT,J004,Python Developer,HCL,1,1.39,159,Low Match,100,4,21.37,120,0
R032,Vijay Iyer,3,B.Tech IT,J005,Data Science Intern,Deloitte,0,5.55,126,Low Match,90,4,22.28,101,0
R033,Vijay Sharma,4,B.Tech CSE,J001,Data Analyst,TCS,2,8.86,135,Low Match,100,5,26.7,91,0
R033,Vijay Sharma,4,B.Tech CSE,J002,ML Engineer,Infosys,3,26.84,4,Partial Match,100,5,39.29,3,1
R033,Vijay Sharma,4,B.Tech CSE,J003,BI Developer,Wipro,2,0.23,192,Low Match,100,5,20.66,151,0
R033,Vijay Sharma,4,B.Tech CSE,J004,Python Developer,HCL,1,0.0,199,Low Match,90,5,18.5,181,0
R033,Vijay Sharma,4,B.Tech CSE,J005,Data Science Intern,Deloitte,0,8.74,73,Low Match,80,5,22.62,92,0
R034,Amit Sharma,5,B.Tech CSE,J001,Data Analyst,TCS,2,15.18,54,Low Match,90,5,29.13,53,0
R034,Amit Sharma,5,B.Tech CSE,J002,ML Engineer,Infosys,3,22.07,12,Partial Match,100,5,35.95,9,0
R034,Amit Sharma,5,B.Tech CSE,J003,BI Developer,Wipro,2,4.69,147,Low Match,90,5,21.78,138,0
R034,Amit Sharma,5,B.Tech CSE,J004,Python Developer,HCL,1,9.8,38,Low Match,80,5,23.36,85,0
R034,Amit Sharma,5,B.Tech CSE,J005,Data Science Intern,Deloitte,0,13.18,24,Low Match,70,5,23.73,83,0
R035,Amit Reddy,3,M.Tech,J001,Data Analyst,TCS,2,6.81,155,Low Match,100,10,25.77,107,0
R035,Amit Reddy,3,M.Tech,J002,ML Engineer,Infosys,3,1.45,191,Low Match,100,10,22.02,129,0
R035,Amit Reddy,3,M.Tech,J003,BI Developer,Wipro,2,4.65,148,Low Match,100,10,24.26,90,0
R035,Amit Reddy,3,M.Tech,J004,Python Developer,HCL,1,1.79,150,Low Match,100,10,22.25,96,0
R035,Amit Reddy,3,M.Tech,J005,Data Science Intern,Deloitte,0,0.73,184,Low Match,90,10,19.51,153,0
R036,Vijay Sharma,3,B.Tech CSE,J001,Data Analyst,TCS,2,8.75,137,Low Match,100,5,26.62,94,0
R036,Vijay Sharma,3,B.Tech CSE,J002,ML Engineer,Infosys,3,26.52,5,Partial Match,100,5,39.06,4,1
R036,Vijay Sharma,3,B.Tech CSE,J003,BI Developer,Wipro,2,0.23,192,Low Match,100,5,20.66,151,0
R036,Vijay Sharma,3,B.Tech CSE,J004,Python Developer,HCL,1,0.0,199,Low Match,100,5,20.5,154,0
R036,Vijay Sharma,3,B.Tech CSE,J005,Data Science Intern,Deloitte,0,8.64,77,Low Match,90,5,24.55,77,0
R037,Ravi Reddy,6,B.Tech IT,J001,Data Analyst,TCS,2,2.89,192,Low Match,80,4,18.42,201,0
R037,Ravi Reddy,6,B.Tech IT,J002,ML Engineer,Infosys,3,1.31,197,Low Match,90,4,19.32,162,0
R037,Ravi Reddy,6,B.Tech IT,J003,BI Developer,Wipro,2,0.24,182,Low Match,80,4,16.57,197,0
R037,Ravi Reddy,6,B.Tech IT,J004,Python Developer,HCL,1,9.43,43,Low Match,70,4,21.0,135,0
R037,Ravi Reddy,6,B.Tech IT,J005,Data Science Intern,Deloitte,0,0.0,197,Low Match,60,4,12.4,209,0
R038,Vijay Patel,1,M.Tech,J001,Data Analyst,TCS,2,7.94,141,Low Match,80,10,22.56,160,0
R038,Vijay Patel,1,M.Tech,J002,ML Engineer,Infosys,3,3.93,165,Low Match,60,10,15.75,185,0
R038,Vijay Patel,1,M.Tech,J003,BI Developer,Wipro,2,6.9,111,Low Match,80,10,21.83,136,0
R038,Vijay Patel,1,M.Tech,J004,Python Developer,HCL,1,7.28,71,Low Match,100,10,26.1,28,0
R038,Vijay Patel,1,M.Tech,J005,Data Science Intern,Deloitte,0,5.57,125,Low Match,100,10,24.9,74,0
R039,Deepak Patel,1,M.Tech,J001,Data Analyst,TCS,2,17.53,30,Low Match,80,10,29.27,50,0
R039,Deepak Patel,1,M.Tech,J002,ML Engineer,Infosys,3,16.19,37,Low Match,60,10,24.33,100,0
R039,Deepak Patel,1,M.Tech,J003,BI Developer,Wipro,2,14.68,19,Low Match,80,10,27.28,40,0
R039,Deepak Patel,1,M.Tech,J004,Python Developer,HCL,1,4.31,144,Low Match,100,10,24.02,70,0
R039,Deepak Patel,1,M.Tech,J005,Data Science Intern,Deloitte,0,17.24,7,Low Match,100,10,33.07,4,1
R040,Ravi Singh,5,BCA,J001,Data Analyst,TCS,2,16.3,39,Low Match,90,3,29.71,41,0
R040,Ravi Singh,5,BCA,J002,ML Engineer,Infosys,3,2.68,182,Low Match,100,3,22.18,125,0
R040,Ravi Singh,5,BCA,J003,BI Developer,Wipro,2,11.8,41,Low Match,90,3,26.56,49,0
R040,Ravi Singh,5,BCA,J004,Python Developer,HCL,1,4.72,133,Low Match,80,3,19.6,170,0
R040,Ravi Singh,5,BCA,J005,Data Science Intern,Deloitte,0,9.14,62,Low Match,70,3,20.7,138,0
R041,Kavya Rao,6,M.Tech,J001,Data Analyst,TCS,2,2.5,197,Low Match,80,10,18.75,197,0
R041,Kavya Rao,6,M.Tech,J002,ML Engineer,Infosys,3,6.8,132,Low Match,90,10,23.76,106,0
R041,Kavya Rao,6,M.Tech,J003,BI Developer,Wipro,2,0.2,201,Low Match,80,10,17.14,192,0
R041,Kavya Rao,6,M.Tech,J004,Python Developer,HCL,1,6.34,88,Low Match,70,10,19.44,172,0
R041,Kavya Rao,6,M.Tech,J005,Data Science Intern,Deloitte,0,0.0,197,Low Match,60,10,13.0,205,0
R042,Anita Patel,3,BCA,J001,Data Analyst,TCS,2,14.34,59,Low Match,100,3,30.34,31,0
R042,Anita Patel,3,BCA,J002,ML Engineer,Infosys,3,8.83,107,Low Match,100,3,26.48,72,0
R042,Anita Patel,3,BCA,J003,BI Developer,Wipro,2,9.57,78,Low Match,100,3,27.0,43,0
R042,Anita Patel,3,BCA,J004,Python Developer,HCL,1,10.8,27,Low Match,100,3,27.86,17,0
R042,Anita Patel,3,BCA,J005,Data Science Intern,Deloitte,0,8.88,69,Low Match,90,3,24.52,78,0
R043,Amit Iyer,6,B.Tech CSE,J001,Data Analyst,TCS,2,18.09,28,Low Match,80,5,29.16,52,0
R043,Amit Iyer,6,B.Tech CSE,J002,ML Engineer,Infosys,3,5.49,149,Low Match,90,5,22.34,122,0
R043,Amit Iyer,6,B.Tech CSE,J003,BI Developer,Wipro,2,15.15,12,Low Match,80,5,27.1,42,0
R043,Amit Iyer,6,B.Tech CSE,J004,Python Developer,HCL,1,10.97,25,Low Match,70,5,22.18,97,0
R043,Amit Iyer,6,B.Tech CSE,J005,Data Science Intern,Deloitte,0,13.2,22,Low Match,60,5,21.74,109,0
R044,Anita Singh,1,B.Tech CSE,J001,Data Analyst,TCS,2,7.53,150,Low Match,80,5,21.77,175,0
R044,Anita Singh,1,B.Tech CSE,J002,ML Engineer,Infosys,3,9.53,104,Low Match,60,5,19.17,163,0
R044,Anita Singh,1,B.Tech CSE,J003,BI Developer,Wipro,2,8.27,89,Low Match,80,5,22.29,133,0
R044,Anita Singh,1,B.Tech CSE,J004,Python Developer,HCL,1,5.82,107,Low Match,100,5,24.57,60,0
R044,Anita Singh,1,B.Tech CSE,J005,Data Science Intern,Deloitte,0,6.67,111,Low Match,100,5,25.17,69,0
R045,Sunita Reddy,5,B.Sc CS,J001,Data Analyst,TCS,2,6.81,155,Low Match,90,3,23.07,149,0
R045,Sunita Reddy,5,B.Sc CS,J002,ML Engineer,Infosys,3,1.45,191,Low Match,100,3,21.32,135,0
R045,Sunita Reddy,5,B.Sc CS,J003,BI Developer,Wipro,2,4.65,148,Low Match,90,3,21.56,143,0
R045,Sunita Reddy,5,B.Sc CS,J004,Python Developer,HCL,1,1.79,150,Low Match,80,3,17.55,190,0
R045,Sunita Reddy,5,B.Sc CS,J005,Data Science Intern,Deloitte,0,0.73,184,Low Match,70,3,14.81,199,0
R046,Anita Singh,5,M.Tech,J001,Data Analyst,TCS,2,16.03,42,Low Match,90,10,30.22,32,0
R046,Anita Singh,5,M.Tech,J002,ML Engineer,Infosys,3,3.64,170,Low Match,100,10,23.55,109,0
R046,Anita Singh,5,M.Tech,J003,BI Developer,Wipro,2,9.33,80,Low Match,90,10,25.53,59,0
R046,Anita Singh,5,M.Tech,J004,Python Developer,HCL,1,6.02,103,Low Match,80,10,21.21,128,0
R046,Anita Singh,5,M.Tech,J005,Data Science Intern,Deloitte,0,8.65,75,Low Match,70,10,21.06,126,0
R047,Sunita Rao,1,B.Tech CSE,J001,Data Analyst,TCS,2,15.34,51,Low Match,80,5,27.24,81,0
R047,Sunita Rao,1,B.Tech CSE,J002,ML Engineer,Infosys,3,14.78,55,Low Match,60,5,22.85,117,0
R047,Sunita Rao,1,B.Tech CSE,J003,BI Developer,Wipro,2,11.1,53,Low Match,80,5,24.27,89,0
R047,Sunita Rao,1,B.Tech CSE,J004,Python Developer,HCL,1,4.44,141,Low Match,100,5,23.61,76,0
R047,Sunita Rao,1,B.Tech CSE,J005,Data Science Intern,Deloitte,0,13.61,18,Low Match,100,5,30.03,11,0
R048,Manoj Reddy,4,B.Tech CSE,J001,Data Analyst,TCS,2,4.65,176,Low Match,100,5,23.76,138,0
R048,Manoj Reddy,4,B.Tech CSE,J002,ML Engineer,Infosys,3,16.08,38,Low Match,100,5,31.76,26,0
R048,Manoj Reddy,4,B.Tech CSE,J003,BI Developer,Wipro,2,5.11,137,Low Match,100,5,24.08,93,0
R048,Manoj Reddy,4,B.Tech CSE,J004,Python Developer,HCL,1,4.72,133,Low Match,90,5,21.8,105,0
R048,Manoj Reddy,4,B.Tech CSE,J005,Data Science Intern,Deloitte,0,5.12,129,Low Match,80,5,20.08,148,0
R049,Amit Sharma,2,B.Tech IT,J001,Data Analyst,TCS,2,4.04,181,Low Match,100,4,23.23,148,0
R049,Amit Sharma,2,B.Tech IT,J002,ML Engineer,Infosys,3,14.84,51,Low Match,80,4,26.79,70,0
R049,Amit Sharma,2,B.Tech IT,J003,BI Developer,Wipro,2,4.34,157,Low Match,100,4,23.44,106,0
R049,Amit Sharma,2,B.Tech IT,J004,Python Developer,HCL,1,0.45,188,Low Match,100,4,20.72,147,0
R049,Amit Sharma,2,B.Tech IT,J005,Data Science Intern,Deloitte,0,6.65,113,Low Match,100,4,25.06,72,0
R050,Pooja Kumar,2,B.Tech CSE,J001,Data Analyst,TCS,2,11.01,101,Low Match,100,5,28.21,65,0
R050,Pooja Kumar,2,B.Tech CSE,J002,ML Engineer,Infosys,3,8.53,111,Low Match,80,5,22.47,120,0
R050,Pooja Kumar,2,B.Tech CSE,J003,BI Developer,Wipro,2,12.47,31,Low Match,100,5,29.23,15,0
R050,Pooja Kumar,2,B.Tech CSE,J004,Python Developer,HCL,1,11.72,20,Low Match,100,5,28.7,12,0
R050,Pooja Kumar,2,B.Tech CSE,J005,Data Science Intern,Deloitte,0,6.66,112,Low Match,100,5,25.16,70,0
R051,Sunita Verma,1,B.Tech CSE,J001,Data Analyst,TCS,2,9.21,122,Low Match,80,5,22.95,151,0
R051,Sunita Verma,1,B.Tech CSE,J002,ML Engineer,Infosys,3,11.67,94,Low Match,60,5,20.67,143,0
R051,Sunita Verma,1,B.Tech CSE,J003,BI Developer,Wipro,2,10.12,65,Low Match,80,5,23.58,102,0
R051,Sunita Verma,1,B.Tech CSE,J004,Python Developer,HCL,1,7.12,74,Low Match,100,5,25.48,43,0
R051,Sunita Verma,1,B.Tech CSE,J005,Data Science Intern,Deloitte,0,8.16,82,Low Match,100,5,26.21,53,0
R052,Manoj Sharma,0,M.Tech,J001,Data Analyst,TCS,2,12.74,84,Low Match,60,10,21.92,172,0
R052,Manoj Sharma,0,M.Tech,J002,ML Engineer,Infosys,3,9.34,105,Low Match,40,10,15.54,187,0
R052,Manoj Sharma,0,M.Tech,J003,BI Developer,Wipro,2,12.42,32,Low Match,60,10,21.69,140,0
R052,Manoj Sharma,0,M.Tech,J004,Python Developer,HCL,1,6.11,100,Low Match,80,10,21.28,125,0
R052,Manoj Sharma,0,M.Tech,J005,Data Science Intern,Deloitte,0,6.63,114,Low Match,100,10,25.64,62,0
R053,Sunita Joshi,2,B.Sc CS,J001,Data Analyst,TCS,2,11.91,95,Low Match,100,3,28.64,60,0
R053,Sunita Joshi,2,B.Sc CS,J002,ML Engineer,Infosys,3,15.13,48,Low Match,80,3,26.89,69,0
R053,Sunita Joshi,2,B.Sc CS,J003,BI Developer,Wipro,2,0.25,178,Low Match,100,3,20.48,161,0
R053,Sunita Joshi,2,B.Sc CS,J004,Python Developer,HCL,1,1.24,162,Low Match,100,3,21.17,130,0
R053,Sunita Joshi,2,B.Sc CS,J005,Data Science Intern,Deloitte,0,3.32,149,Low Match,100,3,22.62,92,0
R054,Kavya Sharma,3,BCA,J001,Data Analyst,TCS,2,6.83,153,Low Match,100,3,25.08,113,0
R054,Kavya Sharma,3,BCA,J002,ML Engineer,Infosys,3,7.63,118,Low Match,100,3,25.64,78,0
R054,Kavya Sharma,3,BCA,J003,BI Developer,Wipro,2,7.5,97,Low Match,100,3,25.55,57,0
R054,Kavya Sharma,3,BCA,J004,Python Developer,HCL,1,6.93,80,Low Match,100,3,25.15,49,0
R054,Kavya Sharma,3,BCA,J005,Data Science Intern,Deloitte,0,0.99,170,Low Match,90,3,18.99,161,0
R055,Anita Verma,4,B.Tech IT,J001,Data Analyst,TCS,2,19.69,27,Low Match,100,4,34.18,12,0
R055,Anita Verma,4,B.Tech IT,J002,ML Engineer,Infosys,3,5.37,151,Low Match,100,4,24.16,102,0
R055,Anita Verma,4,B.Tech IT,J003,BI Developer,Wipro,2,16.92,5,Low Match,100,4,32.24,3,1
R055,Anita Verma,4,B.Tech IT,J004,Python Developer,HCL,1,10.61,32,Low Match,90,4,25.83,38,0
R055,Anita Verma,4,B.Tech IT,J005,Data Science Intern,Deloitte,0,13.4,20,Low Match,80,4,25.78,60,0
R056,Anita Sharma,6,M.Tech,J001,Data Analyst,TCS,2,13.13,74,Low Match,80,10,26.19,100,0
R056,Anita Sharma,6,M.Tech,J002,ML Engineer,Infosys,3,4.81,152,Low Match,90,10,22.37,121,0
R056,Anita Sharma,6,M.Tech,J003,BI Developer,Wipro,2,14.97,13,Low Match,80,10,27.48,34,0
R056,Anita Sharma,6,M.Tech,J004,Python Developer,HCL,1,0.84,172,Low Match,70,10,15.59,203,0
R056,Anita Sharma,6,M.Tech,J005,Data Science Intern,Deloitte,0,9.07,64,Low Match,60,10,19.35,159,0
R057,Manoj Rao,0,B.Sc CS,J001,Data Analyst,TCS,2,14.28,60,Low Match,60,3,22.3,165,0
R057,Manoj Rao,0,B.Sc CS,J002,ML Engineer,Infosys,3,8.79,109,Low Match,40,3,14.45,195,0
R057,Manoj Rao,0,B.Sc CS,J003,BI Developer,Wipro,2,9.52,79,Low Match,60,3,18.96,178,0
R057,Manoj Rao,0,B.Sc CS,J004,Python Developer,HCL,1,10.75,28,Low Match,80,3,23.82,73,0
R057,Manoj Rao,0,B.Sc CS,J005,Data Science Intern,Deloitte,0,8.84,71,Low Match,100,3,26.49,45,0
R058,Amit Patel,0,BCA,J001,Data Analyst,TCS,2,16.04,41,Low Match,60,3,23.53,143,0
R058,Amit Patel,0,BCA,J002,ML Engineer,Infosys,3,4.4,158,Low Match,40,3,11.38,205,0
R058,Amit Patel,0,BCA,J003,BI Developer,Wipro,2,7.06,107,Low Match,60,3,17.24,190,0
R058,Amit Patel,0,BCA,J004,Python Developer,HCL,1,6.96,79,Low Match,80,3,21.17,130,0
R058,Amit Patel,0,BCA,J005,Data Science Intern,Deloitte,0,9.98,52,Low Match,100,3,27.29,37,0
R059,Deepak Rao,2,B.Tech CSE,J001,Data Analyst,TCS,2,13.48,68,Low Match,100,5,29.94,38,0
R059,Deepak Rao,2,B.Tech CSE,J002,ML Engineer,Infosys,3,12.99,77,Low Match,80,5,25.59,79,0
R059,Deepak Rao,2,B.Tech CSE,J003,BI Developer,Wipro,2,9.75,77,Low Match,100,5,27.32,39,0
R059,Deepak Rao,2,B.Tech CSE,J004,Python Developer,HCL,1,3.9,148,Low Match,100,5,23.23,88,0
R059,Deepak Rao,2,B.Tech CSE,J005,Data Science Intern,Deloitte,0,11.96,35,Low Match,100,5,28.87,18,0
R060,Sunita Singh,2,M.Tech,J001,Data Analyst,TCS,2,8.32,140,Low Match,100,10,26.82,89,0
R060,Sunita Singh,2,M.Tech,J002,ML Engineer,Infosys,3,17.99,24,Low Match,80,10,29.59,48,0
R060,Sunita Singh,2,M.Tech,J003,BI Developer,Wipro,2,9.14,84,Low Match,100,10,27.4,36,0
R060,Sunita Singh,2,M.Tech,J004,Python Developer,HCL,1,0.43,190,Low Match,100,10,21.3,124,0
R060,Sunita Singh,2,M.Tech,J005,Data Science Intern,Deloitte,0,13.04,25,Low Match,100,10,30.13,10,0
R061,Anita Nair,4,B.Tech CSE,J001,Data Analyst,TCS,2,13.73,67,Low Match,100,5,30.11,36,0
R061,Anita Nair,4,B.Tech CSE,J002,ML Engineer,Infosys,3,21.23,14,Partial Match,100,5,35.36,10,0
R061,Anita Nair,4,B.Tech CSE,J003,BI Developer,Wipro,2,8.22,90,Low Match,100,5,26.25,51,0
R061,Anita Nair,4,B.Tech CSE,J004,Python Developer,HCL,1,0.34,197,Low Match,90,5,18.74,179,0
R061,Anita Nair,4,B.Tech CSE,J005,Data Science Intern,Deloitte,0,8.11,84,Low Match,80,5,22.18,103,0
R062,Amit Reddy,5,B.Sc CS,J001,Data Analyst,TCS,2,2.5,197,Low Match,90,3,20.05,190,0
R062,Amit Reddy,5,B.Sc CS,J002,ML Engineer,Infosys,3,6.81,131,Low Match,100,3,25.07,88,0
R062,Amit Reddy,5,B.Sc CS,J003,BI Developer,Wipro,2,0.21,197,Low Match,90,3,18.45,183,0
R062,Amit Reddy,5,B.Sc CS,J004,Python Developer,HCL,1,6.35,87,Low Match,80,3,20.74,146,0
R062,Amit Reddy,5,B.Sc CS,J005,Data Science Intern,Deloitte,0,0.0,197,Low Match,70,3,14.3,200,0
R063,Anita Iyer,1,B.Tech CSE,J001,Data Analyst,TCS,2,10.64,110,Low Match,80,5,23.95,133,0
R063,Anita Iyer,1,B.Tech CSE,J002,ML Engineer,Infosys,3,9.91,101,Low Match,60,5,19.44,159,0
R063,Anita Iyer,1,B.Tech CSE,J003,BI Developer,Wipro,2,12.13,36,Low Match,80,5,24.99,70,0
R063,Anita Iyer,1,B.Tech CSE,J004,Python Developer,HCL,1,6.33,89,Low Match,100,5,24.93,51,0
R063,Anita Iyer,1,B.Tech CSE,J005,Data Science Intern,Deloitte,0,7.35,96,Low Match,100,5,25.64,62,0
R064,Kavya Singh,4,B.Tech IT,J001,Data Analyst,TCS,2,0.64,207,Low Match,100,4,20.85,183,0
R064,Kavya Singh,4,B.Tech IT,J002,ML Engineer,Infosys,3,20.82,16,Partial Match,100,4,34.97,12,0
R064,Kavya Singh,4,B.Tech IT,J003,BI Developer,Wipro,2,0.24,182,Low Match,100,4,20.57,158,0
R064,Kavya Singh,4,B.Tech IT,J004,Python Developer,HCL,1,6.11,100,Low Match,90,4,22.68,92,0
R064,Kavya Singh,4,B.Tech IT,J005,Data Science Intern,Deloitte,0,5.76,120,Low Match,80,4,20.43,145,0
R065,Anita Patel,0,B.Tech CSE,J001,Data Analyst,TCS,2,0.56,208,Low Match,60,5,12.89,210,0
R065,Anita Patel,0,B.Tech CSE,J002,ML Engineer,Infosys,3,5.9,146,Low Match,40,5,12.63,200,0
R065,Anita Patel,0,B.Tech CSE,J003,BI Developer,Wipro,2,0.21,197,Low Match,60,5,12.65,206,0
R065,Anita Patel,0,B.Tech CSE,J004,Python Developer,HCL,1,12.53,14,Low Match,80,5,25.27,46,0
R065,Anita Patel,0,B.Tech CSE,J005,Data Science Intern,Deloitte,0,0.0,197,Low Match,100,5,20.5,140,0
R066,Vijay Singh,4,B.Sc CS,J001,Data Analyst,TCS,2,11.11,100,Low Match,100,3,28.08,67,0
R066,Vijay Singh,4,B.Sc CS,J002,ML Engineer,Infosys,3,0.28,200,Low Match,100,3,20.5,146,0
R066,Vijay Singh,4,B.Sc CS,J003,BI Developer,Wipro,2,12.66,30,Low Match,100,3,29.16,16,0
R066,Vijay Singh,4,B.Sc CS,J004,Python Developer,HCL,1,0.52,181,Low Match,90,3,18.66,180,0
R066,Vijay Singh,4,B.Sc CS,J005,Data Science Intern,Deloitte,0,1.83,163,Low Match,80,3,17.58,179,0
R067,Amit Reddy,6,BCA,J001,Data Analyst,TCS,2,0.68,205,Low Match,80,3,16.78,206,0
R067,Amit Reddy,6,BCA,J002,ML Engineer,Infosys,3,7.14,128,Low Match,90,3,23.3,111,0
R067,Amit Reddy,6,BCA,J003,BI Developer,Wipro,2,0.25,178,Low Match,80,3,16.48,200,0
R067,Amit Reddy,6,BCA,J004,Python Developer,HCL,1,15.17,7,Low Match,70,3,24.92,52,0
R067,Amit Reddy,6,BCA,J005,Data Science Intern,Deloitte,0,0.0,197,Low Match,60,3,12.3,210,0
R068,Amit Reddy,5,B.Tech IT,J001,Data Analyst,TCS,2,4.45,178,Low Match,90,4,21.51,176,0
R068,Amit Reddy,5,B.Tech IT,J002,ML Engineer,Infosys,3,7.69,117,Low Match,100,4,25.78,77,0
R068,Amit Reddy,5,B.Tech IT,J003,BI Developer,Wipro,2,4.78,143,Low Match,90,4,21.75,139,0
R068,Amit Reddy,5,B.Tech IT,J004,Python Developer,HCL,1,7.48,67,Low Match,80,4,21.64,110,0
R068,Amit Reddy,5,B.Tech IT,J005,Data Science Intern,Deloitte,0,0.75,182,Low Match,70,4,14.92,197,0
R069,Deepak Kumar,5,BCA,J001,Data Analyst,TCS,2,5.56,168,Low Match,90,3,22.19,167,0
R069,Deepak Kumar,5,BCA,J002,ML Engineer,Infosys,3,6.21,140,Low Match,100,3,24.65,95,0
R069,Deepak Kumar,5,BCA,J003,BI Developer,Wipro,2,6.11,122,Low Match,90,3,22.58,127,0
R069,Deepak Kumar,5,BCA,J004,Python Developer,HCL,1,5.64,114,Low Match,80,3,20.25,162,0
R069,Deepak Kumar,5,BCA,J005,Data Science Intern,Deloitte,0,0.81,180,Low Match,70,3,14.87,198,0
R070,Kavya Singh,6,B.Sc CS,J001,Data Analyst,TCS,2,15.38,50,Low Match,80,3,27.07,84,0
R070,Kavya Singh,6,B.Sc CS,J002,ML Engineer,Infosys,3,3.08,176,Low Match,90,3,20.46,148,0
R070,Kavya Singh,6,B.Sc CS,J003,BI Developer,Wipro,2,9.88,74,Low Match,80,3,23.22,109,0
R070,Kavya Singh,6,B.Sc CS,J004,Python Developer,HCL,1,11.21,23,Low Match,70,3,22.15,98,0
R070,Kavya Singh,6,B.Sc CS,J005,Data Science Intern,Deloitte,0,7.65,92,Low Match,60,3,17.66,178,0
R071,Rohit Nair,1,B.Sc CS,J001,Data Analyst,TCS,2,3.59,184,Low Match,80,3,18.81,196,0
R071,Rohit Nair,1,B.Sc CS,J002,ML Engineer,Infosys,3,6.21,140,Low Match,60,3,16.65,181,0
R071,Rohit Nair,1,B.Sc CS,J003,BI Developer,Wipro,2,3.86,161,Low Match,80,3,19.0,177,0
R071,Rohit Nair,1,B.Sc CS,J004,Python Developer,HCL,1,6.03,102,Low Match,100,3,24.52,62,0
R071,Rohit Nair,1,B.Sc CS,J005,Data Science Intern,Deloitte,0,0.6,192,Low Match,100,3,20.72,137,0
R072,Sunita Rao,2,M.Tech,J001,Data Analyst,TCS,2,13.13,74,Low Match,100,10,30.19,33,0
R072,Sunita Rao,2,M.Tech,J002,ML Engineer,Infosys,3,4.81,152,Low Match,80,10,20.37,149,0
R072,Sunita Rao,2,M.Tech,J003,BI Developer,Wipro,2,14.97,13,Low Match,100,10,31.48,6,0
R072,Sunita Rao,2,M.Tech,J004,Python Developer,HCL,1,0.84,172,Low Match,100,10,21.59,112,0
R072,Sunita Rao,2,M.Tech,J005,Data Science Intern,Deloitte,0,9.07,64,Low Match,100,10,27.35,35,0
R073,Rohit Sharma,6,BCA,J001,Data Analyst,TCS,2,13.47,69,Low Match,80,3,25.73,108,0
R073,Rohit Sharma,6,BCA,J002,ML Engineer,Infosys,3,14.51,59,Low Match,90,3,28.46,62,0
R073,Rohit Sharma,6,BCA,J003,BI Developer,Wipro,2,4.6,153,Low Match,80,3,19.52,174,0
R073,Rohit Sharma,6,BCA,J004,Python Developer,HCL,1,0.48,184,Low Match,70,3,14.64,207,0
R073,Rohit Sharma,6,BCA,J005,Data Science Intern,Deloitte,0,4.16,141,Low Match,60,3,15.21,194,0
R074,Rohit Rao,2,B.Tech CSE,J001,Data Analyst,TCS,2,21.17,12,Partial Match,100,5,35.32,7,0
R074,Rohit Rao,2,B.Tech CSE,J002,ML Engineer,Infosys,3,16.35,34,Low Match,80,5,27.94,67,0
R074,Rohit Rao,2,B.Tech CSE,J003,BI Developer,Wipro,2,14.83,17,Low Match,100,5,30.88,8,0
R074,Rohit Rao,2,B.Tech CSE,J004,Python Developer,HCL,1,4.35,143,Low Match,100,5,23.54,78,0
R074,Rohit Rao,2,B.Tech CSE,J005,Data Science Intern,Deloitte,0,17.41,4,Low Match,100,5,32.69,5,1
R075,Anita Joshi,3,B.Tech CSE,J001,Data Analyst,TCS,2,2.34,200,Low Match,100,5,22.14,168,0
R075,Anita Joshi,3,B.Tech CSE,J002,ML Engineer,Infosys,3,12.54,81,Low Match,100,5,29.28,50,0
R075,Anita Joshi,3,B.Tech CSE,J003,BI Developer,Wipro,2,0.19,206,Low Match,100,5,20.63,155,0
R075,Anita Joshi,3,B.Tech CSE,J004,Python Developer,HCL,1,7.64,63,Low Match,100,5,25.85,37,0
R075,Anita Joshi,3,B.Tech CSE,J005,Data Science Intern,Deloitte,0,4.69,134,Low Match,90,5,21.78,107,0
R076,Vijay Iyer,5,B.Tech IT,J001,Data Analyst,TCS,2,9.25,121,Low Match,90,4,24.88,117,0
R076,Vijay Iyer,5,B.Tech IT,J002,ML Engineer,Infosys,3,25.5,7,Partial Match,100,4,38.25,7,0
R076,Vijay Iyer,5,B.Tech IT,J003,BI Developer,Wipro,2,3.16,172,Low Match,90,4,20.61,157,0
R076,Vijay Iyer,5,B.Tech IT,J004,Python Developer,HCL,1,4.94,129,Low Match,80,4,19.86,166,0
R076,Vijay Iyer,5,B.Tech IT,J005,Data Science Intern,Deloitte,0,7.2,102,Low Match,70,4,19.44,155,0
R077,Sunita Iyer,1,B.Tech IT,J001,Data Analyst,TCS,2,9.07,126,Low Match,80,4,22.75,156,0
R077,Sunita Iyer,1,B.Tech IT,J002,ML Engineer,Infosys,3,13.3,72,Low Match,60,4,21.71,133,0
R077,Sunita Iyer,1,B.Tech IT,J003,BI Developer,Wipro,2,0.24,182,Low Match,80,4,16.57,197,0
R077,Sunita Iyer,1,B.Tech IT,J004,Python Developer,HCL,1,8.26,52,Low Match,100,4,26.18,27,0
R077,Sunita Iyer,1,B.Tech IT,J005,Data Science Intern,Deloitte,0,3.15,153,Low Match,100,4,22.6,94,0
R078,Vijay Sharma,2,B.Tech IT,J001,Data Analyst,TCS,2,15.23,52,Low Match,100,4,31.06,25,0
R078,Vijay Sharma,2,B.Tech IT,J002,ML Engineer,Infosys,3,4.21,160,Low Match,80,4,19.35,161,0
R078,Vijay Sharma,2,B.Tech IT,J003,BI Developer,Wipro,2,15.52,11,Low Match,100,4,31.26,7,0
R078,Vijay Sharma,2,B.Tech IT,J004,Python Developer,HCL,1,1.52,156,Low Match,100,4,21.46,115,0
R078,Vijay Sharma,2,B.Tech IT,J005,Data Science Intern,Deloitte,0,7.02,107,Low Match,100,4,25.31,68,0
R079,Kavya Singh,4,B.Tech CSE,J001,Data Analyst,TCS,2,2.81,194,Low Match,100,5,22.47,161,0
R079,Kavya Singh,4,B.Tech CSE,J002,ML Engineer,Infosys,3,15.04,49,Low Match,100,5,31.03,34,0
R079,Kavya Singh,4,B.Tech CSE,J003,BI Developer,Wipro,2,0.23,192,Low Match,100,5,20.66,151,0
R079,Kavya Singh,4,B.Tech CSE,J004,Python Developer,HCL,1,1.15,166,Low Match,90,5,19.3,175,0
R079,Kavya Singh,4,B.Tech CSE,J005,Data Science Intern,Deloitte,0,5.63,123,Low Match,80,5,20.44,144,0
R080,Pooja Rao,0,B.Tech CSE,J001,Data Analyst,TCS,2,0.69,203,Low Match,60,5,12.98,209,0
R080,Pooja Rao,0,B.Tech CSE,J002,ML Engineer,Infosys,3,7.31,124,Low Match,40,5,13.62,197,0
R080,Pooja Rao,0,B.Tech CSE,J003,BI Developer,Wipro,2,0.26,176,Low Match,60,5,12.68,205,0
R080,Pooja Rao,0,B.Tech CSE,J004,Python Developer,HCL,1,6.63,83,Low Match,80,5,21.14,132,0
R080,Pooja Rao,0,B.Tech CSE,J005,Data Science Intern,Deloitte,0,0.0,197,Low Match,100,5,20.5,140,0
R081,Amit Reddy,5,B.Tech CSE,J001,Data Analyst,TCS,2,12.97,78,Low Match,90,5,27.58,76,0
R081,Amit Reddy,5,B.Tech CSE,J002,ML Engineer,Infosys,3,3.08,176,Low Match,100,5,22.66,118,0
R081,Amit Reddy,5,B.Tech CSE,J003,BI Developer,Wipro,2,6.75,116,Low Match,90,5,23.22,109,0
R081,Amit Reddy,5,B.Tech CSE,J004,Python Developer,HCL,1,5.41,118,Low Match,80,5,20.29,161,0
R081,Amit Reddy,5,B.Tech CSE,J005,Data Science Intern,Deloitte,0,9.55,57,Low Match,70,5,21.18,124,0
R082,Sunita Sharma,2,B.Tech CSE,J001,Data Analyst,TCS,2,20.45,19,Partial Match,100,5,34.82,9,0
R082,Sunita Sharma,2,B.Tech CSE,J002,ML Engineer,Infosys,3,10.85,99,Low Match,80,5,24.1,103,0
R082,Sunita Sharma,2,B.Tech CSE,J003,BI Developer,Wipro,2,17.58,3,Low Match,100,5,32.81,2,1
R082,Sunita Sharma,2,B.Tech CSE,J004,Python Developer,HCL,1,9.33,44,Low Match,100,5,27.03,22,0
R082,Sunita Sharma,2,B.Tech CSE,J005,Data Science Intern,Deloitte,0,13.92,15,Low Match,100,5,30.24,9,0
R083,Manoj Nair,2,B.Tech IT,J001,Data Analyst,TCS,2,3.53,186,Low Match,100,4,22.87,152,0
R083,Manoj Nair,2,B.Tech IT,J002,ML Engineer,Infosys,3,0.21,209,Low Match,80,4,16.55,182,0
R083,Manoj Nair,2,B.Tech IT,J003,BI Developer,Wipro,2,3.79,164,Low Match,100,4,23.05,117,0
R083,Manoj Nair,2,B.Tech IT,J004,Python Developer,HCL,1,7.82,62,Low Match,100,4,25.87,35,0
R083,Manoj Nair,2,B.Tech IT,J005,Data Science Intern,Deloitte,0,0.59,195,Low Match,100,4,20.81,133,0
R084,Vijay Verma,2,BCA,J001,Data Analyst,TCS,2,13.13,74,Low Match,100,3,29.49,43,0
R084,Vijay Verma,2,BCA,J002,ML Engineer,Infosys,3,4.81,152,Low Match,80,3,19.67,157,0
R084,Vijay Verma,2,BCA,J003,BI Developer,Wipro,2,14.97,13,Low Match,100,3,30.78,9,0
R084,Vijay Verma,2,BCA,J004,Python Developer,HCL,1,0.84,172,Low Match,100,3,20.89,139,0
R084,Vijay Verma,2,BCA,J005,Data Science Intern,Deloitte,0,9.07,64,Low Match,100,3,26.65,42,0
R085,Ravi Sharma,0,B.Tech IT,J001,Data Analyst,TCS,2,17.12,34,Low Match,60,4,24.38,126,0
R085,Ravi Sharma,0,B.Tech IT,J002,ML Engineer,Infosys,3,18.08,23,Low Match,40,4,21.06,141,0
R085,Ravi Sharma,0,B.Tech IT,J003,BI Developer,Wipro,2,13.2,28,Low Match,60,4,21.64,141,0
R085,Ravi Sharma,0,B.Tech IT,J004,Python Developer,HCL,1,4.66,137,Low Match,80,4,19.66,169,0
R085,Ravi Sharma,0,B.Tech IT,J005,Data Science Intern,Deloitte,0,19.03,3,Low Match,100,4,33.72,3,1
R086,Ravi Singh,6,M.Tech,J001,Data Analyst,TCS,2,2.89,192,Low Match,80,10,19.02,193,0
R086,Ravi Singh,6,M.Tech,J002,ML Engineer,Infosys,3,1.31,197,Low Match,90,10,19.92,154,0
R086,Ravi Singh,6,M.Tech,J003,BI Developer,Wipro,2,0.24,182,Low Match,80,10,17.17,191,0
R086,Ravi Singh,6,M.Tech,J004,Python Developer,HCL,1,9.44,42,Low Match,70,10,21.61,111,0
R086,Ravi Singh,6,M.Tech,J005,Data Science Intern,Deloitte,0,0.0,197,Low Match,60,10,13.0,205,0
R087,Rohit Reddy,2,BCA,J001,Data Analyst,TCS,2,8.92,132,Low Match,100,3,26.54,96,0
R087,Rohit Reddy,2,BCA,J002,ML Engineer,Infosys,3,1.41,195,Low Match,80,3,17.29,176,0
R087,Rohit Reddy,2,BCA,J003,BI Developer,Wipro,2,7.15,105,Low Match,100,3,25.3,66,0
R087,Rohit Reddy,2,BCA,J004,Python Developer,HCL,1,1.27,160,Low Match,100,3,21.19,129,0
R087,Rohit Reddy,2,BCA,J005,Data Science Intern,Deloitte,0,0.94,174,Low Match,100,3,20.96,132,0
R088,Kavya Reddy,5,B.Sc CS,J001,Data Analyst,TCS,2,10.13,116,Low Match,90,3,25.39,111,0
R088,Kavya Reddy,5,B.Sc CS,J002,ML Engineer,Infosys,3,14.06,65,Low Match,100,3,30.14,44,0
R088,Kavya Reddy,5,B.Sc CS,J003,BI Developer,Wipro,2,5.27,135,Low Match,90,3,21.99,135,0
R088,Kavya Reddy,5,B.Sc CS,J004,Python Developer,HCL,1,11.01,24,Low Match,80,3,24.01,71,0
R088,Kavya Reddy,5,B.Sc CS,J005,Data Science Intern,Deloitte,0,12.22,32,Low Match,70,3,22.85,90,0
R089,Kavya Rao,0,B.Tech CSE,J001,Data Analyst,TCS,2,11.31,97,Low Match,60,5,20.42,187,0
R089,Kavya Rao,0,B.Tech CSE,J002,ML Engineer,Infosys,3,8.69,110,Low Match,40,5,14.58,194,0
R089,Kavya Rao,0,B.Tech CSE,J003,BI Developer,Wipro,2,5.89,125,Low Match,60,5,16.62,195,0
R089,Kavya Rao,0,B.Tech CSE,J004,Python Developer,HCL,1,17.93,3,Low Match,80,5,29.05,10,0
R089,Kavya Rao,0,B.Tech CSE,J005,Data Science Intern,Deloitte,0,8.32,79,Low Match,100,5,26.32,50,0
R090,Kavya Singh,0,BCA,J001,Data Analyst,TCS,2,14.04,63,Low Match,60,3,22.13,169,0
R090,Kavya Singh,0,BCA,J002,ML Engineer,Infosys,3,7.49,121,Low Match,40,3,13.54,198,0
R090,Kavya Singh,0,BCA,J003,BI Developer,Wipro,2,10.16,62,Low Match,60,3,19.41,175,0
R090,Kavya Singh,0,BCA,J004,Python Developer,HCL,1,15.46,5,Low Match,80,3,27.12,19,0
R090,Kavya Singh,0,BCA,J005,Data Science Intern,Deloitte,0,7.87,87,Low Match,100,3,25.81,59,0
R091,Manoj Rao,3,B.Tech CSE,J001,Data Analyst,TCS,2,12.83,80,Low Match,100,5,29.48,45,0
R091,Manoj Rao,3,B.Tech CSE,J002,ML Engineer,Infosys,3,11.02,98,Low Match,100,5,28.21,64,0
R091,Manoj Rao,3,B.Tech CSE,J003,BI Developer,Wipro,2,5.11,137,Low Match,100,5,24.08,93,0
R091,Manoj Rao,3,B.Tech CSE,J004,Python Developer,HCL,1,0.91,171,Low Match,100,5,21.14,132,0
R091,Manoj Rao,3,B.Tech CSE,J005,Data Science Intern,Deloitte,0,3.09,158,Low Match,90,5,20.66,139,0
R092,Anita Patel,0,M.Tech,J001,Data Analyst,TCS,2,16.49,38,Low Match,60,10,24.54,124,0
R092,Anita Patel,0,M.Tech,J002,ML Engineer,Infosys,3,8.8,108,Low Match,40,10,15.16,189,0
R092,Anita Patel,0,M.Tech,J003,BI Developer,Wipro,2,11.93,38,Low Match,60,10,21.35,146,0
R092,Anita Patel,0,M.Tech,J004,Python Developer,HCL,1,10.49,33,Low Match,80,10,24.34,64,0
R092,Anita Patel,0,M.Tech,J005,Data Science Intern,Deloitte,0,9.24,61,Low Match,100,10,27.47,34,0
R093,Ravi Iyer,3,BCA,J001,Data Analyst,TCS,2,26.1,2,Partial Match,100,3,38.57,2,1
R093,Ravi Iyer,3,BCA,J002,ML Engineer,Infosys,3,15.42,44,Low Match,100,3,31.09,33,0
R093,Ravi Iyer,3,BCA,J003,BI Developer,Wipro,2,16.85,6,Low Match,100,3,32.1,4,1
R093,Ravi Iyer,3,BCA,J004,Python Developer,HCL,1,4.2,145,Low Match,100,3,23.24,87,0
R093,Ravi Iyer,3,BCA,J005,Data Science Intern,Deloitte,0,15.77,11,Low Match,90,3,29.34,14,0
R094,Pooja Verma,3,B.Tech IT,J001,Data Analyst,TCS,2,12.81,81,Low Match,100,4,29.37,46,0
R094,Pooja Verma,3,B.Tech IT,J002,ML Engineer,Infosys,3,9.28,106,Low Match,100,4,26.9,68,0
R094,Pooja Verma,3,B.Tech IT,J003,BI Developer,Wipro,2,5.64,132,Low Match,100,4,24.35,85,0
R094,Pooja Verma,3,B.Tech IT,J004,Python Developer,HCL,1,10.96,26,Low Match,100,4,28.07,16,0
R094,Pooja Verma,3,B.Tech IT,J005,Data Science Intern,Deloitte,0,7.97,86,Low Match,90,4,23.98,81,0
R095,Manoj Kumar,0,B.Tech CSE,J001,Data Analyst,TCS,2,21.34,11,Partial Match,60,5,27.44,79,0
R095,Manoj Kumar,0,B.Tech CSE,J002,ML Engineer,Infosys,3,16.44,33,Low Match,40,5,20.01,153,0
R095,Manoj Kumar,0,B.Tech CSE,J003,BI Developer,Wipro,2,6.6,118,Low Match,60,5,17.12,193,0
R095,Manoj Kumar,0,B.Tech CSE,J004,Python Developer,HCL,1,5.28,120,Low Match,80,5,20.2,163,0
R095,Manoj Kumar,0,B.Tech CSE,J005,Data Science Intern,Deloitte,0,12.57,27,Low Match,100,5,29.3,15,0
R096,Deepak Joshi,5,B.Sc CS,J001,Data Analyst,TCS,2,10.84,103,Low Match,90,3,25.89,102,0
R096,Deepak Joshi,5,B.Sc CS,J002,ML Engineer,Infosys,3,20.55,17,Partial Match,100,3,34.68,15,0
R096,Deepak Joshi,5,B.Sc CS,J003,BI Developer,Wipro,2,4.98,141,Low Match,90,3,21.79,137,0
R096,Deepak Joshi,5,B.Sc CS,J004,Python Developer,HCL,1,6.17,95,Low Match,80,3,20.62,150,0
R096,Deepak Joshi,5,B.Sc CS,J005,Data Science Intern,Deloitte,0,7.35,96,Low Match,70,3,19.44,155,0
R097,Vijay Patel,0,B.Sc CS,J001,Data Analyst,TCS,2,11.2,98,Low Match,60,3,20.14,189,0
R097,Vijay Patel,0,B.Sc CS,J002,ML Engineer,Infosys,3,14.23,64,Low Match,40,3,18.26,169,0
R097,Vijay Patel,0,B.Sc CS,J003,BI Developer,Wipro,2,0.23,192,Low Match,60,3,12.46,208,0
R097,Vijay Patel,0,B.Sc CS,J004,Python Developer,HCL,1,1.17,165,Low Match,80,3,17.12,194,0
R097,Vijay Patel,0,B.Sc CS,J005,Data Science Intern,Deloitte,0,3.12,157,Low Match,100,3,22.48,98,0
R098,Kavya Reddy,1,B.Tech IT,J001,Data Analyst,TCS,2,3.01,189,Low Match,80,4,18.51,200,0
R098,Kavya Reddy,1,B.Tech IT,J002,ML Engineer,Infosys,3,8.19,113,Low Match,60,4,18.13,170,0
R098,Kavya Reddy,1,B.Tech IT,J003,BI Developer,Wipro,2,0.25,178,Low Match,80,4,16.58,196,0
R098,Kavya Reddy,1,B.Tech IT,J004,Python Developer,HCL,1,7.64,63,Low Match,100,4,25.75,39,0
R098,Kavya Reddy,1,B.Tech IT,J005,Data Science Intern,Deloitte,0,0.0,197,Low Match,100,4,20.4,146,0
R099,Amit Sharma,5,B.Tech IT,J001,Data Analyst,TCS,2,9.33,119,Low Match,90,4,24.93,116,0
R099,Amit Sharma,5,B.Tech IT,J002,ML Engineer,Infosys,3,20.43,18,Partial Match,100,4,34.7,14,0
R099,Amit Sharma,5,B.Tech IT,J003,BI Developer,Wipro,2,0.24,182,Low Match,90,4,18.57,181,0
R099,Amit Sharma,5,B.Tech IT,J004,Python Developer,HCL,1,6.33,89,Low Match,80,4,20.83,143,0
R099,Amit Sharma,5,B.Tech IT,J005,Data Science Intern,Deloitte,0,3.24,151,Low Match,70,4,16.67,186,0
R100,Rohit Reddy,0,B.Tech CSE,J001,Data Analyst,TCS,2,12.4,91,Low Match,60,5,21.18,179,0
R100,Rohit Reddy,0,B.Tech CSE,J002,ML Engineer,Infosys,3,23.04,10,Partial Match,40,5,24.63,96,0
R100,Rohit Reddy,0,B.Tech CSE,J003,BI Developer,Wipro,2,6.85,114,Low Match,60,5,17.29,189,0
R100,Rohit Reddy,0,B.Tech CSE,J004,Python Developer,HCL,1,0.32,198,Low Match,80,5,16.72,198,0
R100,Rohit Reddy,0,B.Tech CSE,J005,Data Science Intern,Deloitte,0,12.08,34,Low Match,100,5,28.96,17,0
R101,Sunita Singh,4,BCA,J001,Data Analyst,TCS,2,12.73,85,Low Match,100,3,29.21,51,0
R101,Sunita Singh,4,BCA,J002,ML Engineer,Infosys,3,11.68,93,Low Match,100,3,28.48,60,0
R101,Sunita Singh,4,BCA,J003,BI Developer,Wipro,2,5.85,126,Low Match,100,3,24.4,84,0
R101,Sunita Singh,4,BCA,J004,Python Developer,HCL,1,7.25,72,Low Match,90,3,23.38,84,0
R101,Sunita Singh,4,BCA,J005,Data Science Intern,Deloitte,0,3.54,146,Low Match,80,3,18.78,165,0
R102,Rohit Singh,5,B.Sc CS,J001,Data Analyst,TCS,2,7.91,143,Low Match,90,3,23.84,135,0
R102,Rohit Singh,5,B.Sc CS,J002,ML Engineer,Infosys,3,14.31,63,Low Match,100,3,30.32,42,0
R102,Rohit Singh,5,B.Sc CS,J003,BI Developer,Wipro,2,6.87,112,Low Match,90,3,23.11,113,0
R102,Rohit Singh,5,B.Sc CS,J004,Python Developer,HCL,1,1.19,164,Low Match,80,3,17.13,193,0
R102,Rohit Singh,5,B.Sc CS,J005,Data Science Intern,Deloitte,0,9.8,55,Low Match,70,3,21.16,125,0
R103,Amit Iyer,4,B.Tech CSE,J001,Data Analyst,TCS,2,11.98,94,Low Match,100,5,28.89,56,0
R103,Amit Iyer,4,B.Tech CSE,J002,ML Engineer,Infosys,3,2.27,188,Low Match,100,5,22.09,128,0
R103,Amit Iyer,4,B.Tech CSE,J003,BI Developer,Wipro,2,7.99,92,Low Match,100,5,26.09,52,0
R103,Amit Iyer,4,B.Tech CSE,J004,Python Developer,HCL,1,10.66,31,Low Match,90,5,25.96,32,0
R103,Amit Iyer,4,B.Tech CSE,J005,Data Science Intern,Deloitte,0,7.41,95,Low Match,80,5,21.69,112,0
R104,Sunita Patel,3,B.Tech CSE,J001,Data Analyst,TCS,2,12.84,79,Low Match,100,5,29.49,43,0
R104,Sunita Patel,3,B.Tech CSE,J002,ML Engineer,Infosys,3,11.78,92,Low Match,100,5,28.75,56,0
R104,Sunita Patel,3,B.Tech CSE,J003,BI Developer,Wipro,2,5.9,124,Low Match,100,5,24.63,77,0
R104,Sunita Patel,3,B.Tech CSE,J004,Python Developer,HCL,1,7.31,70,Low Match,100,5,25.62,42,0
R104,Sunita Patel,3,B.Tech CSE,J005,Data Science Intern,Deloitte,0,3.57,145,Low Match,90,5,21.0,128,0
R105,Anita Sharma,2,M.Tech,J001,Data Analyst,TCS,2,0.69,203,Low Match,100,10,21.48,177,0
R105,Anita Sharma,2,M.Tech,J002,ML Engineer,Infosys,3,7.31,124,Low Match,80,10,22.12,127,0
R105,Anita Sharma,2,M.Tech,J003,BI Developer,Wipro,2,0.26,176,Low Match,100,10,21.18,150,0
R105,Anita Sharma,2,M.Tech,J004,Python Developer,HCL,1,6.63,83,Low Match,100,10,25.64,41,0
R105,Anita Sharma,2,M.Tech,J005,Data Science Intern,Deloitte,0,0.0,197,Low Match,100,10,21.0,128,0
R106,Sunita Kumar,6,B.Tech IT,J001,Data Analyst,TCS,2,7.72,146,Low Match,80,4,21.8,173,0
R106,Sunita Kumar,6,B.Tech IT,J002,ML Engineer,Infosys,3,16.9,30,Low Match,90,4,30.23,43,0
R106,Sunita Kumar,6,B.Tech IT,J003,BI Developer,Wipro,2,0.2,201,Low Match,80,4,16.54,199,0
R106,Sunita Kumar,6,B.Tech IT,J004,Python Developer,HCL,1,12.26,16,Low Match,70,4,22.98,90,0
R106,Sunita Kumar,6,B.Tech IT,J005,Data Science Intern,Deloitte,0,2.68,161,Low Match,60,4,14.28,201,0
R107,Rohit Singh,6,B.Tech CSE,J001,Data Analyst,TCS,2,2.99,191,Low Match,80,5,18.59,199,0
R107,Rohit Singh,6,B.Tech CSE,J002,ML Engineer,Infosys,3,8.13,115,Low Match,90,5,24.19,101,0
R107,Rohit Singh,6,B.Tech CSE,J003,BI Developer,Wipro,2,0.24,182,Low Match,80,5,16.67,194,0
R107,Rohit Singh,6,B.Tech CSE,J004,Python Developer,HCL,1,7.58,66,Low Match,70,5,19.81,167,0
R107,Rohit Singh,6,B.Tech CSE,J005,Data Science Intern,Deloitte,0,0.0,197,Low Match,60,5,12.5,208,0
R108,Rohit Reddy,3,B.Tech CSE,J001,Data Analyst,TCS,2,2.13,201,Low Match,100,5,21.99,171,0
R108,Rohit Reddy,3,B.Tech CSE,J002,ML Engineer,Infosys,3,16.26,35,Low Match,100,5,31.88,23,0
R108,Rohit Reddy,3,B.Tech CSE,J003,BI Developer,Wipro,2,0.17,210,Low Match,100,5,20.62,156,0
R108,Rohit Reddy,3,B.Tech CSE,J004,Python Developer,HCL,1,5.41,118,Low Match,100,5,24.29,66,0
R108,Rohit Reddy,3,B.Tech CSE,J005,Data Science Intern,Deloitte,0,4.28,139,Low Match,90,5,21.5,116,0
R109,Rohit Sharma,0,B.Sc CS,J001,Data Analyst,TCS,2,7.06,152,Low Match,60,3,17.24,204,0
R109,Rohit Sharma,0,B.Sc CS,J002,ML Engineer,Infosys,3,15.26,46,Low Match,40,3,18.98,165,0
R109,Rohit Sharma,0,B.Sc CS,J003,BI Developer,Wipro,2,7.76,94,Low Match,60,3,17.73,186,0
R109,Rohit Sharma,0,B.Sc CS,J004,Python Developer,HCL,1,7.2,73,Low Match,80,3,21.34,122,0
R109,Rohit Sharma,0,B.Sc CS,J005,Data Science Intern,Deloitte,0,11.06,41,Low Match,100,3,28.04,26,0
R110,Deepak Rao,4,B.Sc CS,J001,Data Analyst,TCS,2,3.01,189,Low Match,100,3,22.41,162,0
R110,Deepak Rao,4,B.Sc CS,J002,ML Engineer,Infosys,3,8.19,113,Low Match,100,3,26.03,73,0
R110,Deepak Rao,4,B.Sc CS,J003,BI Developer,Wipro,2,0.25,178,Low Match,100,3,20.48,161,0
R110,Deepak Rao,4,B.Sc CS,J004,Python Developer,HCL,1,7.64,63,Low Match,90,3,23.65,75,0
R110,Deepak Rao,4,B.Sc CS,J005,Data Science Intern,Deloitte,0,0.0,197,Low Match,80,3,16.3,188,0
R111,Kavya Nair,1,BCA,J001,Data Analyst,TCS,2,21.11,13,Partial Match,80,3,31.08,24,0
R111,Kavya Nair,1,BCA,J002,ML Engineer,Infosys,3,7.32,122,Low Match,60,3,17.42,173,0
R111,Kavya Nair,1,BCA,J003,BI Developer,Wipro,2,16.28,7,Low Match,80,3,27.7,29,0
R111,Kavya Nair,1,BCA,J004,Python Developer,HCL,1,5.74,109,Low Match,100,3,24.32,65,0
R111,Kavya Nair,1,BCA,J005,Data Science Intern,Deloitte,0,17.33,5,Low Match,100,3,32.43,6,0
R112,Kavya Nair,2,B.Tech IT,J001,Data Analyst,TCS,2,10.28,115,Low Match,100,4,27.6,75,0
R112,Kavya Nair,2,B.Tech IT,J002,ML Engineer,Infosys,3,3.77,169,Low Match,80,4,19.04,164,0
R112,Kavya Nair,2,B.Tech IT,J003,BI Developer,Wipro,2,11.72,44,Low Match,100,4,28.6,19,0
R112,Kavya Nair,2,B.Tech IT,J004,Python Developer,HCL,1,7.98,57,Low Match,100,4,25.99,31,0
R112,Kavya Nair,2,B.Tech IT,J005,Data Science Intern,Deloitte,0,7.11,106,Low Match,100,4,25.38,65,0
R113,Rohit Nair,2,BCA,J001,Data Analyst,TCS,2,6.81,155,Low Match,100,3,25.07,114,0
R113,Rohit Nair,2,BCA,J002,ML Engineer,Infosys,3,1.45,191,Low Match,80,3,17.32,175,0
R113,Rohit Nair,2,BCA,J003,BI Developer,Wipro,2,4.65,148,Low Match,100,3,23.56,103,0
R113,Rohit Nair,2,BCA,J004,Python Developer,HCL,1,1.79,150,Low Match,100,3,21.55,113,0
R113,Rohit Nair,2,BCA,J005,Data Science Intern,Deloitte,0,0.73,184,Low Match,100,3,20.81,133,0
R114,Ravi Singh,2,B.Sc CS,J001,Data Analyst,TCS,2,9.17,124,Low Match,100,3,26.72,90,0
R114,Ravi Singh,2,B.Sc CS,J002,ML Engineer,Infosys,3,17.61,26,Low Match,80,3,28.63,59,0
R114,Ravi Singh,2,B.Sc CS,J003,BI Developer,Wipro,2,4.78,143,Low Match,100,3,23.65,100,0
R114,Ravi Singh,2,B.Sc CS,J004,Python Developer,HCL,1,14.55,9,Low Match,100,3,30.49,5,1
R114,Ravi Singh,2,B.Sc CS,J005,Data Science Intern,Deloitte,0,11.07,40,Low Match,100,3,28.05,25,0
R115,Ravi Sharma,2,B.Tech CSE,J001,Data Analyst,TCS,2,10.71,107,Low Match,100,5,28.0,69,0
R115,Ravi Sharma,2,B.Tech CSE,J002,ML Engineer,Infosys,3,4.12,161,Low Match,80,5,19.38,160,0
R115,Ravi Sharma,2,B.Tech CSE,J003,BI Developer,Wipro,2,10.22,58,Low Match,100,5,27.65,30,0
R115,Ravi Sharma,2,B.Tech CSE,J004,Python Developer,HCL,1,7.87,58,Low Match,100,5,26.01,30,0
R115,Ravi Sharma,2,B.Tech CSE,J005,Data Science Intern,Deloitte,0,6.2,117,Low Match,100,5,24.84,75,0
R116,Amit Joshi,4,B.Tech IT,J001,Data Analyst,TCS,2,11.99,93,Low Match,100,4,28.79,59,0
R116,Amit Joshi,4,B.Tech IT,J002,ML Engineer,Infosys,3,2.28,187,Low Match,100,4,22.0,130,0
R116,Amit Joshi,4,B.Tech IT,J003,BI Developer,Wipro,2,8.0,91,Low Match,100,4,26.0,53,0
R116,Amit Joshi,4,B.Tech IT,J004,Python Developer,HCL,1,10.67,30,Low Match,90,4,25.87,35,0
R116,Amit Joshi,4,B.Tech IT,J005,Data Science Intern,Deloitte,0,7.42,94,Low Match,80,4,21.59,114,0
R117,Pooja Reddy,3,M.Tech,J001,Data Analyst,TCS,2,11.18,99,Low Match,100,10,28.83,57,0
R117,Pooja Reddy,3,M.Tech,J002,ML Engineer,Infosys,3,4.3,159,Low Match,100,10,24.01,104,0
R117,Pooja Reddy,3,M.Tech,J003,BI Developer,Wipro,2,10.67,54,Low Match,100,10,28.47,22,0
R117,Pooja Reddy,3,M.Tech,J004,Python Developer,HCL,1,1.55,155,Low Match,100,10,22.08,100,0
R117,Pooja Reddy,3,M.Tech,J005,Data Science Intern,Deloitte,0,6.47,115,Low Match,90,10,23.53,85,0
R118,Amit Patel,4,B.Tech CSE,J001,Data Analyst,TCS,2,5.18,173,Low Match,100,5,24.13,131,0
R118,Amit Patel,4,B.Tech CSE,J002,ML Engineer,Infosys,3,12.3,86,Low Match,100,5,29.11,52,0
R118,Amit Patel,4,B.Tech CSE,J003,BI Developer,Wipro,2,5.69,130,Low Match,100,5,24.48,82,0
R118,Amit Patel,4,B.Tech CSE,J004,Python Developer,HCL,1,0.0,199,Low Match,90,5,18.5,181,0
R118,Amit Patel,4,B.Tech CSE,J005,Data Science Intern,Deloitte,0,5.7,121,Low Match,80,5,20.49,143,0
R119,Deepak Rao,6,B.Tech IT,J001,Data Analyst,TCS,2,6.42,162,Low Match,80,4,20.89,182,0
R119,Deepak Rao,6,B.Tech IT,J002,ML Engineer,Infosys,3,0.24,207,Low Match,90,4,18.57,167,0
R119,Deepak Rao,6,B.Tech IT,J003,BI Developer,Wipro,2,7.06,107,Low Match,80,4,21.34,147,0
R119,Deepak Rao,6,B.Tech IT,J004,Python Developer,HCL,1,8.74,49,Low Match,70,4,20.52,153,0
R119,Deepak Rao,6,B.Tech IT,J005,Data Science Intern,Deloitte,0,0.93,177,Low Match,60,4,13.05,204,0
R120,Sunita Kumar,6,BCA,J001,Data Analyst,TCS,2,15.84,43,Low Match,80,3,27.39,80,0
R120,Sunita Kumar,6,BCA,J002,ML Engineer,Infosys,3,2.61,185,Low Match,90,3,20.13,151,0
R120,Sunita Kumar,6,BCA,J003,BI Developer,Wipro,2,11.46,49,Low Match,80,3,24.32,86,0
R120,Sunita Kumar,6,BCA,J004,Python Developer,HCL,1,4.59,140,Low Match,70,3,17.51,192,0
R120,Sunita Kumar,6,BCA,J005,Data Science Intern,Deloitte,0,8.88,69,Low Match,60,3,18.52,172,0
R121,Rohit Sharma,4,M.Tech,J001,Data Analyst,TCS,2,15.61,49,Low Match,100,10,31.93,19,0
R121,Rohit Sharma,4,M.Tech,J002,ML Engineer,Infosys,3,13.5,69,Low Match,100,10,30.45,39,0
R121,Rohit Sharma,4,M.Tech,J003,BI Developer,Wipro,2,10.3,55,Low Match,100,10,28.21,25,0
R121,Rohit Sharma,4,M.Tech,J004,Python Developer,HCL,1,0.58,179,Low Match,90,10,19.41,173,0
R121,Rohit Sharma,4,M.Tech,J005,Data Science Intern,Deloitte,0,8.7,74,Low Match,80,10,23.09,89,0
R122,Rohit Singh,4,B.Tech IT,J001,Data Analyst,TCS,2,13.98,64,Low Match,100,4,30.19,33,0
R122,Rohit Singh,4,B.Tech IT,J002,ML Engineer,Infosys,3,2.65,184,Low Match,100,4,22.26,124,0
R122,Rohit Singh,4,B.Tech IT,J003,BI Developer,Wipro,2,9.33,80,Low Match,100,4,26.93,45,0
R122,Rohit Singh,4,B.Tech IT,J004,Python Developer,HCL,1,12.44,15,Low Match,90,4,27.11,20,0
R122,Rohit Singh,4,B.Tech IT,J005,Data Science Intern,Deloitte,0,8.65,75,Low Match,80,4,22.46,99,0
R123,Pooja Patel,5,B.Sc CS,J001,Data Analyst,TCS,2,9.21,122,Low Match,90,3,24.75,121,0
R123,Pooja Patel,5,B.Sc CS,J002,ML Engineer,Infosys,3,11.67,94,Low Match,100,3,28.47,61,0
R123,Pooja Patel,5,B.Sc CS,J003,BI Developer,Wipro,2,10.12,65,Low Match,90,3,25.38,65,0
R123,Pooja Patel,5,B.Sc CS,J004,Python Developer,HCL,1,7.12,74,Low Match,80,3,21.28,125,0
R123,Pooja Patel,5,B.Sc CS,J005,Data Science Intern,Deloitte,0,8.16,82,Low Match,70,3,20.01,149,0
R124,Anita Singh,5,B.Tech CSE,J001,Data Analyst,TCS,2,6.83,153,Low Match,90,5,23.28,147,0
R124,Anita Singh,5,B.Tech CSE,J002,ML Engineer,Infosys,3,7.63,118,Low Match,100,5,25.84,76,0
R124,Anita Singh,5,B.Tech CSE,J003,BI Developer,Wipro,2,7.5,97,Low Match,90,5,23.75,98,0
R124,Anita Singh,5,B.Tech CSE,J004,Python Developer,HCL,1,6.93,80,Low Match,80,5,21.35,121,0
R124,Anita Singh,5,B.Tech CSE,J005,Data Science Intern,Deloitte,0,0.99,170,Low Match,70,5,15.19,195,0
R125,Anita Joshi,6,BCA,J001,Data Analyst,TCS,2,4.41,179,Low Match,80,3,19.39,192,0
R125,Anita Joshi,6,BCA,J002,ML Engineer,Infosys,3,0.26,202,Low Match,90,3,18.48,168,0
R125,Anita Joshi,6,BCA,J003,BI Developer,Wipro,2,4.74,145,Low Match,80,3,19.62,173,0
R125,Anita Joshi,6,BCA,J004,Python Developer,HCL,1,0.49,183,Low Match,70,3,14.64,207,0
R125,Anita Joshi,6,BCA,J005,Data Science Intern,Deloitte,0,0.74,183,Low Match,60,3,12.82,207,0
R126,Vijay Patel,6,M.Tech,J001,Data Analyst,TCS,2,5.63,167,Low Match,80,10,20.94,181,0
R126,Vijay Patel,6,M.Tech,J002,ML Engineer,Infosys,3,6.3,138,Low Match,90,10,23.41,110,0
R126,Vijay Patel,6,M.Tech,J003,BI Developer,Wipro,2,6.19,121,Low Match,80,10,21.33,148,0
R126,Vijay Patel,6,M.Tech,J004,Python Developer,HCL,1,5.71,112,Low Match,70,10,19.0,177,0
R126,Vijay Patel,6,M.Tech,J005,Data Science Intern,Deloitte,0,0.82,179,Low Match,60,10,13.57,203,0
R127,Pooja Rao,2,B.Tech CSE,J001,Data Analyst,TCS,2,3.35,187,Low Match,100,5,22.84,153,0
R127,Pooja Rao,2,B.Tech CSE,J002,ML Engineer,Infosys,3,12.32,85,Low Match,80,5,25.12,86,0
R127,Pooja Rao,2,B.Tech CSE,J003,BI Developer,Wipro,2,3.6,169,Low Match,100,5,23.02,118,0
R127,Pooja Rao,2,B.Tech CSE,J004,Python Developer,HCL,1,7.43,68,Low Match,100,5,25.7,40,0
R127,Pooja Rao,2,B.Tech CSE,J005,Data Science Intern,Deloitte,0,5.52,127,Low Match,100,5,24.36,79,0
R128,Kavya Sharma,3,BCA,J001,Data Analyst,TCS,2,0.54,209,Low Match,100,3,20.68,186,0
R128,Kavya Sharma,3,BCA,J002,ML Engineer,Infosys,3,17.62,25,Low Match,100,3,32.63,19,0
R128,Kavya Sharma,3,BCA,J003,BI Developer,Wipro,2,0.2,201,Low Match,100,3,20.44,166,0
R128,Kavya Sharma,3,BCA,J004,Python Developer,HCL,1,5.17,126,Low Match,100,3,23.92,72,0
R128,Kavya Sharma,3,BCA,J005,Data Science Intern,Deloitte,0,4.88,132,Low Match,90,3,21.72,110,0
R129,Vijay Iyer,4,BCA,J001,Data Analyst,TCS,2,16.51,37,Low Match,100,3,31.86,21,0
R129,Vijay Iyer,4,BCA,J002,ML Engineer,Infosys,3,16.48,32,Low Match,100,3,31.84,24,0
R129,Vijay Iyer,4,BCA,J003,BI Developer,Wipro,2,11.44,50,Low Match,100,3,28.31,24,0
R129,Vijay Iyer,4,BCA,J004,Python Developer,HCL,1,4.92,130,Low Match,90,3,21.74,108,0
R129,Vijay Iyer,4,BCA,J005,Data Science Intern,Deloitte,0,16.49,10,Low Match,80,3,27.84,31,0
R130,Kavya Sharma,0,B.Sc CS,J001,Data Analyst,TCS,2,9.4,118,Low Match,60,3,18.88,194,0
R130,Kavya Sharma,0,B.Sc CS,J002,ML Engineer,Infosys,3,11.94,90,Low Match,40,3,16.66,180,0
R130,Kavya Sharma,0,B.Sc CS,J003,BI Developer,Wipro,2,0.2,201,Low Match,60,3,12.44,209,0
R130,Kavya Sharma,0,B.Sc CS,J004,Python Developer,HCL,1,7.84,61,Low Match,80,3,21.79,106,0
R130,Kavya Sharma,0,B.Sc CS,J005,Data Science Intern,Deloitte,0,2.62,162,Low Match,100,3,22.13,104,0
R131,Vijay Iyer,2,B.Tech CSE,J001,Data Analyst,TCS,2,9.11,125,Low Match,100,5,26.88,87,0
R131,Vijay Iyer,2,B.Tech CSE,J002,ML Engineer,Infosys,3,11.54,96,Low Match,80,5,24.58,98,0
R131,Vijay Iyer,2,B.Tech CSE,J003,BI Developer,Wipro,2,10.01,68,Low Match,100,5,27.51,32,0
R131,Vijay Iyer,2,B.Tech CSE,J004,Python Developer,HCL,1,7.04,77,Low Match,100,5,25.43,45,0
R131,Vijay Iyer,2,B.Tech CSE,J005,Data Science Intern,Deloitte,0,8.07,85,Low Match,100,5,26.15,55,0
R132,Rohit Iyer,4,BCA,J001,Data Analyst,TCS,2,3.32,188,Low Match,100,3,22.62,159,0
R132,Rohit Iyer,4,BCA,J002,ML Engineer,Infosys,3,12.21,89,Low Match,100,3,28.85,55,0
R132,Rohit Iyer,4,BCA,J003,BI Developer,Wipro,2,3.57,170,Low Match,100,3,22.8,125,0
R132,Rohit Iyer,4,BCA,J004,Python Developer,HCL,1,7.36,69,Low Match,90,3,23.45,81,0
R132,Rohit Iyer,4,BCA,J005,Data Science Intern,Deloitte,0,5.47,128,Low Match,80,3,20.13,147,0
R133,Manoj Singh,2,BCA,J001,Data Analyst,TCS,2,13.28,73,Low Match,100,3,29.6,42,0
R133,Manoj Singh,2,BCA,J002,ML Engineer,Infosys,3,13.69,68,Low Match,80,3,25.88,74,0
R133,Manoj Singh,2,BCA,J003,BI Developer,Wipro,2,7.73,95,Low Match,100,3,25.71,55,0
R133,Manoj Singh,2,BCA,J004,Python Developer,HCL,1,4.99,128,Low Match,100,3,23.79,74,0
R133,Manoj Singh,2,BCA,J005,Data Science Intern,Deloitte,0,11.54,36,Low Match,100,3,28.38,20,0
R134,Deepak Joshi,2,M.Tech,J001,Data Analyst,TCS,2,17.03,35,Low Match,100,10,32.92,14,0
R134,Deepak Joshi,2,M.Tech,J002,ML Engineer,Infosys,3,11.15,97,Low Match,80,10,24.8,92,0
R134,Deepak Joshi,2,M.Tech,J003,BI Developer,Wipro,2,11.8,41,Low Match,100,10,29.26,14,0
R134,Deepak Joshi,2,M.Tech,J004,Python Developer,HCL,1,9.78,39,Low Match,100,10,27.85,18,0
R134,Deepak Joshi,2,M.Tech,J005,Data Science Intern,Deloitte,0,12.57,27,Low Match,100,10,29.8,13,0
R135,Sunita Kumar,4,BCA,J001,Data Analyst,TCS,2,12.41,90,Low Match,100,3,28.99,55,0
R135,Sunita Kumar,4,BCA,J002,ML Engineer,Infosys,3,4.78,156,Low Match,100,3,23.65,107,0
R135,Sunita Kumar,4,BCA,J003,BI Developer,Wipro,2,11.85,40,Low Match,100,3,28.6,19,0
R135,Sunita Kumar,4,BCA,J004,Python Developer,HCL,1,1.73,154,Low Match,90,3,19.51,171,0
R135,Sunita Kumar,4,BCA,J005,Data Science Intern,Deloitte,0,7.18,105,Low Match,80,3,21.33,120,0
R136,Sunita Rao,0,B.Tech CSE,J001,Data Analyst,TCS,2,22.93,7,Partial Match,60,5,28.55,61,0
R136,Sunita Rao,0,B.Tech CSE,J002,ML Engineer,Infosys,3,6.26,139,Low Match,40,5,12.88,199,0
R136,Sunita Rao,0,B.Tech CSE,J003,BI Developer,Wipro,2,19.7,2,Low Match,60,5,26.29,50,0
R136,Sunita Rao,0,B.Tech CSE,J004,Python Developer,HCL,1,4.91,131,Low Match,80,5,19.94,165,0
R136,Sunita Rao,0,B.Tech CSE,J005,Data Science Intern,Deloitte,0,15.6,12,Low Match,100,5,31.42,7,0
R137,Vijay Singh,1,B.Sc CS,J001,Data Analyst,TCS,2,5.15,174,Low Match,80,3,19.9,191,0
R137,Vijay Singh,1,B.Sc CS,J002,ML Engineer,Infosys,3,12.24,88,Low Match,60,3,20.87,142,0
R137,Vijay Singh,1,B.Sc CS,J003,BI Developer,Wipro,2,5.66,131,Low Match,80,3,20.26,169,0
R137,Vijay Singh,1,B.Sc CS,J004,Python Developer,HCL,1,7.01,78,Low Match,100,3,25.21,47,0
R137,Vijay Singh,1,B.Sc CS,J005,Data Science Intern,Deloitte,0,5.67,122,Low Match,100,3,24.27,80,0
R138,Ravi Sharma,3,B.Tech IT,J001,Data Analyst,TCS,2,0.65,206,Low Match,100,4,20.85,183,0
R138,Ravi Sharma,3,B.Tech IT,J002,ML Engineer,Infosys,3,6.93,129,Low Match,100,4,25.25,84,0
R138,Ravi Sharma,3,B.Tech IT,J003,BI Developer,Wipro,2,0.24,182,Low Match,100,4,20.57,158,0
R138,Ravi Sharma,3,B.Tech IT,J004,Python Developer,HCL,1,14.71,8,Low Match,100,4,30.7,4,1
R138,Ravi Sharma,3,B.Tech IT,J005,Data Science Intern,Deloitte,0,0.0,197,Low Match,90,4,18.4,174,0
R139,Rohit Verma,0,B.Sc CS,J001,Data Analyst,TCS,2,21.06,16,Partial Match,60,3,27.04,85,0
R139,Rohit Verma,0,B.Sc CS,J002,ML Engineer,Infosys,3,14.82,52,Low Match,40,3,18.67,166,0
R139,Rohit Verma,0,B.Sc CS,J003,BI Developer,Wipro,2,11.42,51,Low Match,60,3,20.29,168,0
R139,Rohit Verma,0,B.Sc CS,J004,Python Developer,HCL,1,10.15,35,Low Match,80,3,23.4,82,0
R139,Rohit Verma,0,B.Sc CS,J005,Data Science Intern,Deloitte,0,14.5,13,Low Match,100,3,30.45,8,0
R140,Vijay Sharma,0,M.Tech,J001,Data Analyst,TCS,2,24.11,5,Partial Match,60,10,29.88,39,0
R140,Vijay Sharma,0,M.Tech,J002,ML Engineer,Infosys,3,2.79,180,Low Match,40,10,10.95,207,0
R140,Vijay Sharma,0,M.Tech,J003,BI Developer,Wipro,2,15.92,10,Low Match,60,10,24.14,92,0
R140,Vijay Sharma,0,M.Tech,J004,Python Developer,HCL,1,5.19,125,Low Match,80,10,20.63,149,0
R140,Vijay Sharma,0,M.Tech,J005,Data Science Intern,Deloitte,0,9.92,53,Low Match,100,10,27.94,28,0
R141,Pooja Singh,1,BCA,J001,Data Analyst,TCS,2,3.66,182,Low Match,80,3,18.86,195,0
R141,Pooja Singh,1,BCA,J002,ML Engineer,Infosys,3,6.33,136,Low Match,60,3,16.73,178,0
R141,Pooja Singh,1,BCA,J003,BI Developer,Wipro,2,3.93,159,Low Match,80,3,19.05,176,0
R141,Pooja Singh,1,BCA,J004,Python Developer,HCL,1,6.15,98,Low Match,100,3,24.6,59,0
R141,Pooja Singh,1,BCA,J005,Data Science Intern,Deloitte,0,0.61,190,Low Match,100,3,20.73,136,0
R142,Manoj Joshi,0,M.Tech,J001,Data Analyst,TCS,2,19.79,26,Low Match,60,10,26.85,88,0
R142,Manoj Joshi,0,M.Tech,J002,ML Engineer,Infosys,3,3.26,175,Low Match,40,10,11.28,206,0
R142,Manoj Joshi,0,M.Tech,J003,BI Developer,Wipro,2,14.32,23,Low Match,60,10,23.02,118,0
R142,Manoj Joshi,0,M.Tech,J004,Python Developer,HCL,1,5.73,111,Low Match,80,10,21.01,134,0
R142,Manoj Joshi,0,M.Tech,J005,Data Science Intern,Deloitte,0,11.09,39,Low Match,100,10,28.76,19,0
R143,Anita Iyer,3,B.Tech CSE,J001,Data Analyst,TCS,2,5.5,171,Low Match,100,5,24.35,128,0
R143,Anita Iyer,3,B.Tech CSE,J002,ML Engineer,Infosys,3,6.15,142,Low Match,100,5,24.8,92,0
R143,Anita Iyer,3,B.Tech CSE,J003,BI Developer,Wipro,2,6.05,123,Low Match,100,5,24.74,75,0
R143,Anita Iyer,3,B.Tech CSE,J004,Python Developer,HCL,1,5.58,115,Low Match,100,5,24.41,63,0
R143,Anita Iyer,3,B.Tech CSE,J005,Data Science Intern,Deloitte,0,0.8,181,Low Match,90,5,19.06,160,0
R144,Vijay Nair,4,B.Tech IT,J001,Data Analyst,TCS,2,6.23,165,Low Match,100,4,24.76,119,0
R144,Vijay Nair,4,B.Tech IT,J002,ML Engineer,Infosys,3,14.81,53,Low Match,100,4,30.77,35,0
R144,Vijay Nair,4,B.Tech IT,J003,BI Developer,Wipro,2,6.85,114,Low Match,100,4,25.19,68,0
R144,Vijay Nair,4,B.Tech IT,J004,Python Developer,HCL,1,0.0,199,Low Match,90,4,18.4,183,0
R144,Vijay Nair,4,B.Tech IT,J005,Data Science Intern,Deloitte,0,6.86,108,Low Match,80,4,21.2,123,0
R145,Vijay Joshi,0,B.Sc CS,J001,Data Analyst,TCS,2,7.3,151,Low Match,60,3,17.41,203,0
R145,Vijay Joshi,0,B.Sc CS,J002,ML Engineer,Infosys,3,22.12,11,Partial Match,40,3,23.78,105,0
R145,Vijay Joshi,0,B.Sc CS,J003,BI Developer,Wipro,2,0.19,206,Low Match,60,3,12.43,210,0
R145,Vijay Joshi,0,B.Sc CS,J004,Python Developer,HCL,1,6.64,82,Low Match,80,3,20.95,137,0
R145,Vijay Joshi,0,B.Sc CS,J005,Data Science Intern,Deloitte,0,7.21,101,Low Match,100,3,25.35,66,0
R146,Ravi Singh,1,B.Sc CS,J001,Data Analyst,TCS,2,10.4,114,Low Match,80,3,23.58,142,0
R146,Ravi Singh,1,B.Sc CS,J002,ML Engineer,Infosys,3,3.81,168,Low Match,60,3,14.97,190,0
R146,Ravi Singh,1,B.Sc CS,J003,BI Developer,Wipro,2,11.86,39,Low Match,80,3,24.6,78,0
R146,Ravi Singh,1,B.Sc CS,J004,Python Developer,HCL,1,8.07,55,Low Match,100,3,25.95,34,0
R146,Ravi Singh,1,B.Sc CS,J005,Data Science Intern,Deloitte,0,7.19,103,Low Match,100,3,25.33,67,0
R147,Deepak Nair,6,B.Sc CS,J001,Data Analyst,TCS,2,10.55,112,Low Match,80,3,23.68,140,0
R147,Deepak Nair,6,B.Sc CS,J002,ML Engineer,Infosys,3,2.5,186,Low Match,90,3,20.05,152,0
R147,Deepak Nair,6,B.Sc CS,J003,BI Developer,Wipro,2,5.49,133,Low Match,80,3,20.14,171,0
R147,Deepak Nair,6,B.Sc CS,J004,Python Developer,HCL,1,11.46,21,Low Match,70,3,22.32,95,0
R147,Deepak Nair,6,B.Sc CS,J005,Data Science Intern,Deloitte,0,7.76,89,Low Match,60,3,17.73,177,0
R148,Amit Iyer,2,B.Sc CS,J001,Data Analyst,TCS,2,6.74,159,Low Match,100,3,25.02,115,0
R148,Amit Iyer,2,B.Sc CS,J002,ML Engineer,Infosys,3,0.26,202,Low Match,80,3,16.48,183,0
R148,Amit Iyer,2,B.Sc CS,J003,BI Developer,Wipro,2,7.41,99,Low Match,100,3,25.49,60,0
R148,Amit Iyer,2,B.Sc CS,J004,Python Developer,HCL,1,0.0,199,Low Match,100,3,20.3,158,0
R148,Amit Iyer,2,B.Sc CS,J005,Data Science Intern,Deloitte,0,0.98,172,Low Match,100,3,20.99,130,0
R149,Sunita Verma,3,BCA,J001,Data Analyst,TCS,2,2.53,196,Low Match,100,3,22.07,170,0
R149,Sunita Verma,3,BCA,J002,ML Engineer,Infosys,3,6.87,130,Low Match,100,3,25.11,87,0
R149,Sunita Verma,3,BCA,J003,BI Developer,Wipro,2,0.21,197,Low Match,100,3,20.45,164,0
R149,Sunita Verma,3,BCA,J004,Python Developer,HCL,1,6.41,86,Low Match,100,3,24.79,54,0
R149,Sunita Verma,3,BCA,J005,Data Science Intern,Deloitte,0,0.0,197,Low Match,90,3,18.3,175,0
R150,Rohit Nair,3,M.Tech,J001,Data Analyst,TCS,2,10.74,106,Low Match,100,10,28.52,63,0
R150,Rohit Nair,3,M.Tech,J002,ML Engineer,Infosys,3,13.4,70,Low Match,100,10,30.38,40,0
R150,Rohit Nair,3,M.Tech,J003,BI Developer,Wipro,2,4.73,146,Low Match,100,10,24.31,87,0
R150,Rohit Nair,3,M.Tech,J004,Python Developer,HCL,1,4.66,137,Low Match,100,10,24.26,68,0
R150,Rohit Nair,3,M.Tech,J005,Data Science Intern,Deloitte,0,10.95,43,Low Match,90,10,26.66,41,0
R151,Sunita Sharma,3,B.Tech IT,J001,Data Analyst,TCS,2,0.52,210,Low Match,100,4,20.76,185,0
R151,Sunita Sharma,3,B.Tech IT,J002,ML Engineer,Infosys,3,17.13,28,Low Match,100,4,32.39,21,0
R151,Sunita Sharma,3,B.Tech IT,J003,BI Developer,Wipro,2,0.19,206,Low Match,100,4,20.53,160,0
R151,Sunita Sharma,3,B.Tech IT,J004,Python Developer,HCL,1,11.77,19,Low Match,100,4,28.64,13,0
R151,Sunita Sharma,3,B.Tech IT,J005,Data Science Intern,Deloitte,0,4.74,133,Low Match,90,4,21.72,110,0
R152,Pooja Sharma,4,B.Sc CS,J001,Data Analyst,TCS,2,8.92,132,Low Match,100,3,26.54,96,0
R152,Pooja Sharma,4,B.Sc CS,J002,ML Engineer,Infosys,3,1.41,195,Low Match,100,3,21.29,136,0
R152,Pooja Sharma,4,B.Sc CS,J003,BI Developer,Wipro,2,7.15,105,Low Match,100,3,25.3,66,0
R152,Pooja Sharma,4,B.Sc CS,J004,Python Developer,HCL,1,1.27,160,Low Match,90,3,19.19,176,0
R152,Pooja Sharma,4,B.Sc CS,J005,Data Science Intern,Deloitte,0,0.94,174,Low Match,80,3,16.96,184,0
R153,Anita Verma,3,B.Tech IT,J001,Data Analyst,TCS,2,3.66,182,Low Match,100,4,22.96,150,0
R153,Anita Verma,3,B.Tech IT,J002,ML Engineer,Infosys,3,6.33,136,Low Match,100,4,24.83,91,0
R153,Anita Verma,3,B.Tech IT,J003,BI Developer,Wipro,2,3.93,159,Low Match,100,4,23.15,112,0
R153,Anita Verma,3,B.Tech IT,J004,Python Developer,HCL,1,6.15,98,Low Match,100,4,24.7,55,0
R153,Anita Verma,3,B.Tech IT,J005,Data Science Intern,Deloitte,0,0.61,190,Low Match,90,4,18.83,164,0
R154,Ravi Kumar,6,B.Sc CS,J001,Data Analyst,TCS,2,16.3,39,Low Match,80,3,27.71,73,0
R154,Ravi Kumar,6,B.Sc CS,J002,ML Engineer,Infosys,3,2.68,182,Low Match,90,3,20.18,150,0
R154,Ravi Kumar,6,B.Sc CS,J003,BI Developer,Wipro,2,11.8,41,Low Match,80,3,24.56,80,0
R154,Ravi Kumar,6,B.Sc CS,J004,Python Developer,HCL,1,4.72,133,Low Match,70,3,17.6,188,0
R154,Ravi Kumar,6,B.Sc CS,J005,Data Science Intern,Deloitte,0,9.14,62,Low Match,60,3,18.7,168,0
R155,Pooja Kumar,4,B.Tech IT,J001,Data Analyst,TCS,2,4.61,177,Low Match,100,4,23.63,141,0
R155,Pooja Kumar,4,B.Tech IT,J002,ML Engineer,Infosys,3,15.92,41,Low Match,100,4,31.54,29,0
R155,Pooja Kumar,4,B.Tech IT,J003,BI Developer,Wipro,2,5.06,139,Low Match,100,4,23.94,97,0
R155,Pooja Kumar,4,B.Tech IT,J004,Python Developer,HCL,1,4.67,136,Low Match,90,4,21.67,109,0
R155,Pooja Kumar,4,B.Tech IT,J005,Data Science Intern,Deloitte,0,5.07,130,Low Match,80,4,19.95,150,0
R156,Sunita Reddy,4,B.Tech CSE,J001,Data Analyst,TCS,2,14.11,61,Low Match,100,5,30.38,30,0
R156,Sunita Reddy,4,B.Tech CSE,J002,ML Engineer,Infosys,3,26.22,6,Partial Match,100,5,38.85,5,1
R156,Sunita Reddy,4,B.Tech CSE,J003,BI Developer,Wipro,2,7.8,93,Low Match,100,5,25.96,54,0
R156,Sunita Reddy,4,B.Tech CSE,J004,Python Developer,HCL,1,0.36,196,Low Match,90,5,18.75,178,0
R156,Sunita Reddy,4,B.Tech CSE,J005,Data Science Intern,Deloitte,0,13.74,17,Low Match,80,5,26.12,56,0
R157,Kavya Joshi,3,BCA,J001,Data Analyst,TCS,2,16.57,36,Low Match,100,3,31.9,20,0
R157,Kavya Joshi,3,BCA,J002,ML Engineer,Infosys,3,12.4,84,Low Match,100,3,28.98,54,0
R157,Kavya Joshi,3,BCA,J003,BI Developer,Wipro,2,9.92,72,Low Match,100,3,27.24,41,0
R157,Kavya Joshi,3,BCA,J004,Python Developer,HCL,1,0.41,191,Low Match,100,3,20.59,151,0
R157,Kavya Joshi,3,BCA,J005,Data Science Intern,Deloitte,0,4.37,138,Low Match,90,3,21.36,119,0
R158,Deepak Sharma,5,B.Sc CS,J001,Data Analyst,TCS,2,9.29,120,Low Match,90,3,24.8,118,0
R158,Deepak Sharma,5,B.Sc CS,J002,ML Engineer,Infosys,3,23.45,9,Partial Match,100,3,36.71,8,0
R158,Deepak Sharma,5,B.Sc CS,J003,BI Developer,Wipro,2,0.19,206,Low Match,90,3,18.43,184,0
R158,Deepak Sharma,5,B.Sc CS,J004,Python Developer,HCL,1,0.97,170,Low Match,80,3,16.98,196,0
R158,Deepak Sharma,5,B.Sc CS,J005,Data Science Intern,Deloitte,0,7.35,96,Low Match,70,3,19.44,155,0
R159,Kavya Reddy,6,B.Tech IT,J001,Data Analyst,TCS,2,15.19,53,Low Match,80,4,27.03,86,0
R159,Kavya Reddy,6,B.Tech IT,J002,ML Engineer,Infosys,3,13.93,67,Low Match,90,4,28.15,65,0
R159,Kavya Reddy,6,B.Tech IT,J003,BI Developer,Wipro,2,6.98,110,Low Match,80,4,21.29,149,0
R159,Kavya Reddy,6,B.Tech IT,J004,Python Developer,HCL,1,0.0,199,Low Match,70,4,14.4,210,0
R159,Kavya Reddy,6,B.Tech IT,J005,Data Science Intern,Deloitte,0,4.23,140,Low Match,60,4,15.36,193,0
R160,Rohit Joshi,6,B.Tech CSE,J001,Data Analyst,TCS,2,15.82,45,Low Match,80,5,27.57,77,0
R160,Rohit Joshi,6,B.Tech CSE,J002,ML Engineer,Infosys,3,14.52,56,Low Match,90,5,28.66,57,0
R160,Rohit Joshi,6,B.Tech CSE,J003,BI Developer,Wipro,2,7.28,101,Low Match,80,5,21.6,142,0
R160,Rohit Joshi,6,B.Tech CSE,J004,Python Developer,HCL,1,0.0,199,Low Match,70,5,14.5,209,0
R160,Rohit Joshi,6,B.Tech CSE,J005,Data Science Intern,Deloitte,0,4.4,135,Low Match,60,5,15.58,190,0
R161,Amit Sharma,5,B.Tech CSE,J001,Data Analyst,TCS,2,8.95,131,Low Match,90,5,24.76,119,0
R161,Amit Sharma,5,B.Tech CSE,J002,ML Engineer,Infosys,3,6.5,134,Low Match,100,5,25.05,89,0
R161,Amit Sharma,5,B.Tech CSE,J003,BI Developer,Wipro,2,10.2,59,Low Match,90,5,25.64,56,0
R161,Amit Sharma,5,B.Tech CSE,J004,Python Developer,HCL,1,6.32,91,Low Match,80,5,20.92,138,0
R161,Amit Sharma,5,B.Tech CSE,J005,Data Science Intern,Deloitte,0,1.47,165,Low Match,70,5,15.53,191,0
R162,Sunita Iyer,6,B.Sc CS,J001,Data Analyst,TCS,2,20.34,20,Partial Match,80,3,30.54,28,0
R162,Sunita Iyer,6,B.Sc CS,J002,ML Engineer,Infosys,3,10.79,100,Low Match,90,3,25.85,75,0
R162,Sunita Iyer,6,B.Sc CS,J003,BI Developer,Wipro,2,17.48,4,Low Match,80,3,28.54,21,0
R162,Sunita Iyer,6,B.Sc CS,J004,Python Developer,HCL,1,9.28,45,Low Match,70,3,20.8,144,0
R162,Sunita Iyer,6,B.Sc CS,J005,Data Science Intern,Deloitte,0,13.84,16,Low Match,60,3,21.99,105,0
R163,Sunita Iyer,1,B.Tech IT,J001,Data Analyst,TCS,2,6.52,161,Low Match,80,4,20.96,180,0
R163,Sunita Iyer,1,B.Tech IT,J002,ML Engineer,Infosys,3,0.25,205,Low Match,60,4,12.58,202,0
R163,Sunita Iyer,1,B.Tech IT,J003,BI Developer,Wipro,2,7.16,104,Low Match,80,4,21.41,145,0
R163,Sunita Iyer,1,B.Tech IT,J004,Python Developer,HCL,1,8.86,46,Low Match,100,4,26.6,25,0
R163,Sunita Iyer,1,B.Tech IT,J005,Data Science Intern,Deloitte,0,0.94,174,Low Match,100,4,21.06,126,0
R164,Amit Patel,6,B.Tech CSE,J001,Data Analyst,TCS,2,10.48,113,Low Match,80,5,23.84,135,0
R164,Amit Patel,6,B.Tech CSE,J002,ML Engineer,Infosys,3,3.84,167,Low Match,90,5,21.19,137,0
R164,Amit Patel,6,B.Tech CSE,J003,BI Developer,Wipro,2,11.95,37,Low Match,80,5,24.86,74,0
R164,Amit Patel,6,B.Tech CSE,J004,Python Developer,HCL,1,0.67,177,Low Match,70,5,14.97,205,0
R164,Amit Patel,6,B.Tech CSE,J005,Data Science Intern,Deloitte,0,7.24,100,Low Match,60,5,17.57,180,0
R165,Ravi Singh,0,B.Tech CSE,J001,Data Analyst,TCS,2,7.89,144,Low Match,60,5,18.02,202,0
R165,Ravi Singh,0,B.Tech CSE,J002,ML Engineer,Infosys,3,19.09,19,Low Match,40,5,21.86,132,0
R165,Ravi Singh,0,B.Tech CSE,J003,BI Developer,Wipro,2,6.86,113,Low Match,60,5,17.3,188,0
R165,Ravi Singh,0,B.Tech CSE,J004,Python Developer,HCL,1,5.7,113,Low Match,80,5,20.49,155,0
R165,Ravi Singh,0,B.Tech CSE,J005,Data Science Intern,Deloitte,0,9.78,56,Low Match,100,5,27.35,35,0
R166,Amit Joshi,0,B.Sc CS,J001,Data Analyst,TCS,2,6.81,155,Low Match,60,3,17.07,205,0
R166,Amit Joshi,0,B.Sc CS,J002,ML Engineer,Infosys,3,1.45,191,Low Match,40,3,9.32,210,0
R166,Amit Joshi,0,B.Sc CS,J003,BI Developer,Wipro,2,4.65,148,Low Match,60,3,15.56,202,0
R166,Amit Joshi,0,B.Sc CS,J004,Python Developer,HCL,1,1.79,150,Low Match,80,3,17.55,190,0
R166,Amit Joshi,0,B.Sc CS,J005,Data Science Intern,Deloitte,0,0.73,184,Low Match,100,3,20.81,133,0
R167,Vijay Sharma,5,B.Tech CSE,J001,Data Analyst,TCS,2,8.67,138,Low Match,90,5,24.57,122,0
R167,Vijay Sharma,5,B.Tech CSE,J002,ML Engineer,Infosys,3,0.21,209,Low Match,100,5,20.65,144,0
R167,Vijay Sharma,5,B.Tech CSE,J003,BI Developer,Wipro,2,9.87,76,Low Match,90,5,25.41,62,0
R167,Vijay Sharma,5,B.Tech CSE,J004,Python Developer,HCL,1,8.06,56,Low Match,80,5,22.14,99,0
R167,Vijay Sharma,5,B.Tech CSE,J005,Data Science Intern,Deloitte,0,1.43,167,Low Match,70,5,15.5,192,0
R168,Anita Singh,3,B.Tech CSE,J001,Data Analyst,TCS,2,14.7,57,Low Match,100,5,30.79,27,0
R168,Anita Singh,3,B.Tech CSE,J002,ML Engineer,Infosys,3,12.63,78,Low Match,100,5,29.34,49,0
R168,Anita Singh,3,B.Tech CSE,J003,BI Developer,Wipro,2,5.85,126,Low Match,100,5,24.6,78,0
R168,Anita Singh,3,B.Tech CSE,J004,Python Developer,HCL,1,1.04,168,Low Match,100,5,21.23,127,0
R168,Anita Singh,3,B.Tech CSE,J005,Data Science Intern,Deloitte,0,3.54,146,Low Match,90,5,20.98,131,0
R169,Pooja Nair,1,M.Tech,J001,Data Analyst,TCS,2,13.8,65,Low Match,80,10,26.66,92,0
R169,Pooja Nair,1,M.Tech,J002,ML Engineer,Infosys,3,2.27,188,Low Match,60,10,14.59,193,0
R169,Pooja Nair,1,M.Tech,J003,BI Developer,Wipro,2,9.99,70,Low Match,80,10,23.99,96,0
R169,Pooja Nair,1,M.Tech,J004,Python Developer,HCL,1,10.41,34,Low Match,100,10,28.29,15,0
R169,Pooja Nair,1,M.Tech,J005,Data Science Intern,Deloitte,0,7.74,90,Low Match,100,10,26.42,47,0
R170,Deepak Iyer,1,B.Tech IT,J001,Data Analyst,TCS,2,15.83,44,Low Match,80,4,27.48,78,0
R170,Deepak Iyer,1,B.Tech IT,J002,ML Engineer,Infosys,3,3.59,171,Low Match,60,4,14.91,191,0
R170,Deepak Iyer,1,B.Tech IT,J003,BI Developer,Wipro,2,9.21,83,Low Match,80,4,22.85,123,0
R170,Deepak Iyer,1,B.Tech IT,J004,Python Developer,HCL,1,5.94,105,Low Match,100,4,24.56,61,0
R170,Deepak Iyer,1,B.Tech IT,J005,Data Science Intern,Deloitte,0,8.55,78,Low Match,100,4,26.38,48,0
R171,Anita Patel,2,BCA,J001,Data Analyst,TCS,2,23.82,6,Partial Match,100,3,36.97,5,1
R171,Anita Patel,2,BCA,J002,ML Engineer,Infosys,3,13.02,76,Low Match,80,3,25.41,83,0
R171,Anita Patel,2,BCA,J003,BI Developer,Wipro,2,13.6,27,Low Match,100,3,29.82,11,0
R171,Anita Patel,2,BCA,J004,Python Developer,HCL,1,4.43,142,Low Match,100,3,23.4,82,0
R171,Anita Patel,2,BCA,J005,Data Science Intern,Deloitte,0,11.04,42,Low Match,100,3,28.03,27,0
R172,Rohit Verma,4,B.Sc CS,J001,Data Analyst,TCS,2,19.99,24,Low Match,100,3,34.29,11,0
R172,Rohit Verma,4,B.Sc CS,J002,ML Engineer,Infosys,3,2.81,179,Low Match,100,3,22.27,123,0
R172,Rohit Verma,4,B.Sc CS,J003,BI Developer,Wipro,2,16.03,9,Low Match,100,3,31.52,5,1
R172,Rohit Verma,4,B.Sc CS,J004,Python Developer,HCL,1,5.23,121,Low Match,90,3,21.96,102,0
R172,Rohit Verma,4,B.Sc CS,J005,Data Science Intern,Deloitte,0,9.99,51,Low Match,80,3,23.29,86,0
R173,Deepak Joshi,5,B.Sc CS,J001,Data Analyst,TCS,2,10.71,107,Low Match,90,3,25.8,106,0
R173,Deepak Joshi,5,B.Sc CS,J002,ML Engineer,Infosys,3,4.12,161,Low Match,100,3,23.18,113,0
R173,Deepak Joshi,5,B.Sc CS,J003,BI Developer,Wipro,2,10.23,57,Low Match,90,3,25.46,61,0
R173,Deepak Joshi,5,B.Sc CS,J004,Python Developer,HCL,1,7.87,58,Low Match,80,3,21.81,104,0
R173,Deepak Joshi,5,B.Sc CS,J005,Data Science Intern,Deloitte,0,6.2,117,Low Match,70,3,18.64,169,0
R174,Ravi Verma,5,M.Tech,J001,Data Analyst,TCS,2,6.26,164,Low Match,90,10,23.38,146,0
R174,Ravi Verma,5,M.Tech,J002,ML Engineer,Infosys,3,16.59,31,Low Match,100,10,32.61,20,0
R174,Ravi Verma,5,M.Tech,J003,BI Developer,Wipro,2,5.02,140,Low Match,90,10,22.51,129,0
R174,Ravi Verma,5,M.Tech,J004,Python Developer,HCL,1,5.52,116,Low Match,80,10,20.86,141,0
R174,Ravi Verma,5,M.Tech,J005,Data Science Intern,Deloitte,0,5.03,131,Low Match,70,10,18.52,172,0
R175,Vijay Joshi,1,BCA,J001,Data Analyst,TCS,2,13.13,74,Low Match,80,3,25.49,109,0
R175,Vijay Joshi,1,BCA,J002,ML Engineer,Infosys,3,4.81,152,Low Match,60,3,15.67,186,0
R175,Vijay Joshi,1,BCA,J003,BI Developer,Wipro,2,14.97,13,Low Match,80,3,26.78,46,0
R175,Vijay Joshi,1,BCA,J004,Python Developer,HCL,1,0.84,172,Low Match,100,3,20.89,139,0
R175,Vijay Joshi,1,BCA,J005,Data Science Intern,Deloitte,0,9.07,64,Low Match,100,3,26.65,42,0
R176,Anita Verma,1,B.Tech IT,J001,Data Analyst,TCS,2,7.69,147,Low Match,80,4,21.78,174,0
R176,Anita Verma,1,B.Tech IT,J002,ML Engineer,Infosys,3,5.58,147,Low Match,60,4,16.31,184,0
R176,Anita Verma,1,B.Tech IT,J003,BI Developer,Wipro,2,8.76,85,Low Match,80,4,22.53,128,0
R176,Anita Verma,1,B.Tech IT,J004,Python Developer,HCL,1,5.42,117,Low Match,100,4,24.19,69,0
R176,Anita Verma,1,B.Tech IT,J005,Data Science Intern,Deloitte,0,1.27,168,Low Match,100,4,21.29,121,0
R177,Anita Singh,2,BCA,J001,Data Analyst,TCS,2,7.93,142,Low Match,100,3,25.85,104,0
R177,Anita Singh,2,BCA,J002,ML Engineer,Infosys,3,17.37,27,Low Match,80,3,28.46,62,0
R177,Anita Singh,2,BCA,J003,BI Developer,Wipro,2,0.21,197,Low Match,100,3,20.45,164,0
R177,Anita Singh,2,BCA,J004,Python Developer,HCL,1,12.6,13,Low Match,100,3,29.12,9,0
R177,Anita Singh,2,BCA,J005,Data Science Intern,Deloitte,0,2.76,160,Low Match,100,3,22.23,102,0
R178,Deepak Joshi,5,M.Tech,J001,Data Analyst,TCS,2,12.8,82,Low Match,90,10,27.96,70,0
R178,Deepak Joshi,5,M.Tech,J002,ML Engineer,Infosys,3,3.03,178,Low Match,100,10,23.12,114,0
R178,Deepak Joshi,5,M.Tech,J003,BI Developer,Wipro,2,6.66,117,Low Match,90,10,23.66,99,0
R178,Deepak Joshi,5,M.Tech,J004,Python Developer,HCL,1,13.91,11,Low Match,80,10,26.74,24,0
R178,Deepak Joshi,5,M.Tech,J005,Data Science Intern,Deloitte,0,9.42,58,Low Match,70,10,21.59,114,0
R179,Sunita Joshi,0,M.Tech,J001,Data Analyst,TCS,2,20.13,22,Partial Match,60,10,27.09,83,0
R179,Sunita Joshi,0,M.Tech,J002,ML Engineer,Infosys,3,12.3,86,Low Match,40,10,17.61,171,0
R179,Sunita Joshi,0,M.Tech,J003,BI Developer,Wipro,2,9.88,74,Low Match,60,10,19.92,172,0
R179,Sunita Joshi,0,M.Tech,J004,Python Developer,HCL,1,3.95,147,Low Match,80,10,19.76,168,0
R179,Sunita Joshi,0,M.Tech,J005,Data Science Intern,Deloitte,0,10.08,50,Low Match,100,10,28.06,24,0
R180,Ravi Iyer,4,B.Sc CS,J001,Data Analyst,TCS,2,15.82,45,Low Match,100,3,31.37,22,0
R180,Ravi Iyer,4,B.Sc CS,J002,ML Engineer,Infosys,3,14.52,56,Low Match,100,3,30.46,36,0
R180,Ravi Iyer,4,B.Sc CS,J003,BI Developer,Wipro,2,7.28,101,Low Match,100,3,25.4,63,0
R180,Ravi Iyer,4,B.Sc CS,J004,Python Developer,HCL,1,0.0,199,Low Match,90,3,18.3,184,0
R180,Ravi Iyer,4,B.Sc CS,J005,Data Science Intern,Deloitte,0,4.4,135,Low Match,80,3,19.38,158,0
R181,Rohit Reddy,3,B.Tech IT,J001,Data Analyst,TCS,2,13.78,66,Low Match,100,4,30.05,37,0
R181,Rohit Reddy,3,B.Tech IT,J002,ML Engineer,Infosys,3,18.37,21,Low Match,100,4,33.26,16,0
R181,Rohit Reddy,3,B.Tech IT,J003,BI Developer,Wipro,2,9.97,71,Low Match,100,4,27.38,37,0
R181,Rohit Reddy,3,B.Tech IT,J004,Python Developer,HCL,1,8.77,48,Low Match,100,4,26.54,26,0
R181,Rohit Reddy,3,B.Tech IT,J005,Data Science Intern,Deloitte,0,12.23,31,Low Match,90,4,26.96,40,0
R182,Sunita Kumar,5,M.Tech,J001,Data Analyst,TCS,2,6.74,159,Low Match,90,10,23.72,139,0
R182,Sunita Kumar,5,M.Tech,J002,ML Engineer,Infosys,3,0.26,202,Low Match,100,10,21.18,138,0
R182,Sunita Kumar,5,M.Tech,J003,BI Developer,Wipro,2,7.41,99,Low Match,90,10,24.19,91,0
R182,Sunita Kumar,5,M.Tech,J004,Python Developer,HCL,1,0.0,199,Low Match,80,10,17.0,195,0
R182,Sunita Kumar,5,M.Tech,J005,Data Science Intern,Deloitte,0,0.98,172,Low Match,70,10,15.69,189,0
R183,Kavya Patel,1,M.Tech,J001,Data Analyst,TCS,2,17.61,29,Low Match,80,10,29.33,47,0
R183,Kavya Patel,1,M.Tech,J002,ML Engineer,Infosys,3,15.22,47,Low Match,60,10,23.65,107,0
R183,Kavya Patel,1,M.Tech,J003,BI Developer,Wipro,2,11.62,47,Low Match,80,10,25.13,69,0
R183,Kavya Patel,1,M.Tech,J004,Python Developer,HCL,1,0.65,178,Low Match,100,10,21.46,115,0
R183,Kavya Patel,1,M.Tech,J005,Data Science Intern,Deloitte,0,9.82,54,Low Match,100,10,27.87,29,0
R184,Sunita Sharma,5,B.Tech IT,J001,Data Analyst,TCS,2,8.5,139,Low Match,90,4,24.35,128,0
R184,Sunita Sharma,5,B.Tech IT,J002,ML Engineer,Infosys,3,18.37,21,Low Match,100,4,33.26,16,0
R184,Sunita Sharma,5,B.Tech IT,J003,BI Developer,Wipro,2,9.33,80,Low Match,90,4,24.93,72,0
R184,Sunita Sharma,5,B.Tech IT,J004,Python Developer,HCL,1,0.44,189,Low Match,80,4,16.71,199,0
R184,Sunita Sharma,5,B.Tech IT,J005,Data Science Intern,Deloitte,0,13.31,21,Low Match,70,4,23.72,84,0
R185,Manoj Patel,0,M.Tech,J001,Data Analyst,TCS,2,2.79,195,Low Match,60,10,14.95,207,0
R185,Manoj Patel,0,M.Tech,J002,ML Engineer,Infosys,3,14.96,50,Low Match,40,10,19.47,158,0
R185,Manoj Patel,0,M.Tech,J003,BI Developer,Wipro,2,0.23,192,Low Match,60,10,13.16,203,0
R185,Manoj Patel,0,M.Tech,J004,Python Developer,HCL,1,1.14,167,Low Match,80,10,17.8,186,0
R185,Manoj Patel,0,M.Tech,J005,Data Science Intern,Deloitte,0,5.6,124,Low Match,100,10,24.92,73,0
R186,Rohit Joshi,4,B.Sc CS,J001,Data Analyst,TCS,2,5.53,170,Low Match,100,3,24.17,130,0
R186,Rohit Joshi,4,B.Sc CS,J002,ML Engineer,Infosys,3,1.18,199,Low Match,100,3,21.13,139,0
R186,Rohit Joshi,4,B.Sc CS,J003,BI Developer,Wipro,2,3.77,165,Low Match,100,3,22.94,121,0
R186,Rohit Joshi,4,B.Sc CS,J004,Python Developer,HCL,1,1.45,157,Low Match,90,3,19.32,174,0
R186,Rohit Joshi,4,B.Sc CS,J005,Data Science Intern,Deloitte,0,0.59,195,Low Match,80,3,16.71,185,0
R187,Rohit Patel,5,B.Tech IT,J001,Data Analyst,TCS,2,15.15,55,Low Match,90,4,29.0,54,0
R187,Rohit Patel,5,B.Tech IT,J002,ML Engineer,Infosys,3,20.97,15,Partial Match,100,4,35.08,11,0
R187,Rohit Patel,5,B.Tech IT,J003,BI Developer,Wipro,2,11.68,45,Low Match,90,4,26.58,48,0
R187,Rohit Patel,5,B.Tech IT,J004,Python Developer,HCL,1,8.78,47,Low Match,80,4,22.55,93,0
R187,Rohit Patel,5,B.Tech IT,J005,Data Science Intern,Deloitte,0,16.84,8,Low Match,70,4,26.19,54,0
R188,Vijay Kumar,4,B.Tech IT,J001,Data Analyst,TCS,2,11.35,96,Low Match,100,4,28.34,64,0
R188,Vijay Kumar,4,B.Tech IT,J002,ML Engineer,Infosys,3,15.55,43,Low Match,100,4,31.28,31,0
R188,Vijay Kumar,4,B.Tech IT,J003,BI Developer,Wipro,2,5.22,136,Low Match,100,4,24.05,95,0
R188,Vijay Kumar,4,B.Tech IT,J004,Python Developer,HCL,1,4.82,132,Low Match,90,4,21.77,107,0
R188,Vijay Kumar,4,B.Tech IT,J005,Data Science Intern,Deloitte,0,3.16,152,Low Match,80,4,18.61,171,0
R189,Rohit Sharma,1,B.Tech CSE,J001,Data Analyst,TCS,2,12.73,85,Low Match,80,5,25.41,110,0
R189,Rohit Sharma,1,B.Tech CSE,J002,ML Engineer,Infosys,3,3.88,166,Low Match,60,5,15.22,188,0
R189,Rohit Sharma,1,B.Tech CSE,J003,BI Developer,Wipro,2,14.42,22,Low Match,80,5,26.59,47,0
R189,Rohit Sharma,1,B.Tech CSE,J004,Python Developer,HCL,1,0.4,192,Low Match,100,5,20.78,145,0
R189,Rohit Sharma,1,B.Tech CSE,J005,Data Science Intern,Deloitte,0,7.7,91,Low Match,100,5,25.89,57,0
R190,Ravi Singh,5,M.Tech,J001,Data Analyst,TCS,2,14.7,57,Low Match,90,10,29.29,49,0
R190,Ravi Singh,5,M.Tech,J002,ML Engineer,Infosys,3,12.63,78,Low Match,100,10,29.84,45,0
R190,Ravi Singh,5,M.Tech,J003,BI Developer,Wipro,2,5.85,126,Low Match,90,10,23.1,115,0
R190,Ravi Singh,5,M.Tech,J004,Python Developer,HCL,1,1.04,168,Low Match,80,10,17.73,187,0
R190,Ravi Singh,5,M.Tech,J005,Data Science Intern,Deloitte,0,3.54,146,Low Match,70,10,17.48,181,0
R191,Rohit Verma,0,B.Sc CS,J001,Data Analyst,TCS,2,22.71,8,Partial Match,60,3,28.2,66,0
R191,Rohit Verma,0,B.Sc CS,J002,ML Engineer,Infosys,3,6.15,142,Low Match,40,3,12.6,201,0
R191,Rohit Verma,0,B.Sc CS,J003,BI Developer,Wipro,2,14.7,18,Low Match,60,3,22.59,126,0
R191,Rohit Verma,0,B.Sc CS,J004,Python Developer,HCL,1,5.22,123,Low Match,80,3,19.95,164,0
R191,Rohit Verma,0,B.Sc CS,J005,Data Science Intern,Deloitte,0,12.8,26,Low Match,100,3,29.26,16,0
R192,Sunita Sharma,6,M.Tech,J001,Data Analyst,TCS,2,7.63,148,Low Match,80,10,22.34,163,0
R192,Sunita Sharma,6,M.Tech,J002,ML Engineer,Infosys,3,5.54,148,Low Match,90,10,22.88,116,0
R192,Sunita Sharma,6,M.Tech,J003,BI Developer,Wipro,2,8.69,86,Low Match,80,10,23.08,116,0
R192,Sunita Sharma,6,M.Tech,J004,Python Developer,HCL,1,12.12,17,Low Match,70,10,23.48,80,0
R192,Sunita Sharma,6,M.Tech,J005,Data Science Intern,Deloitte,0,1.26,169,Low Match,60,10,13.88,202,0
R193,Manoj Joshi,6,B.Sc CS,J001,Data Analyst,TCS,2,10.92,102,Low Match,80,3,23.94,134,0
R193,Manoj Joshi,6,B.Sc CS,J002,ML Engineer,Infosys,3,21.37,13,Partial Match,90,3,33.26,16,0
R193,Manoj Joshi,6,B.Sc CS,J003,BI Developer,Wipro,2,3.15,173,Low Match,80,3,18.5,182,0
R193,Manoj Joshi,6,B.Sc CS,J004,Python Developer,HCL,1,1.21,163,Low Match,70,3,15.15,204,0
R193,Manoj Joshi,6,B.Sc CS,J005,Data Science Intern,Deloitte,0,7.19,103,Low Match,60,3,17.33,182,0
R194,Sunita Iyer,0,M.Tech,J001,Data Analyst,TCS,2,14.97,56,Low Match,60,10,23.48,144,0
R194,Sunita Iyer,0,M.Tech,J002,ML Engineer,Infosys,3,4.11,163,Low Match,40,10,11.88,203,0
R194,Sunita Iyer,0,M.Tech,J003,BI Developer,Wipro,2,6.59,119,Low Match,60,10,17.61,187,0
R194,Sunita Iyer,0,M.Tech,J004,Python Developer,HCL,1,6.49,85,Low Match,80,10,21.54,114,0
R194,Sunita Iyer,0,M.Tech,J005,Data Science Intern,Deloitte,0,9.31,60,Low Match,100,10,27.52,32,0
R195,Ravi Sharma,6,BCA,J001,Data Analyst,TCS,2,21.01,17,Partial Match,80,3,31.01,26,0
R195,Ravi Sharma,6,BCA,J002,ML Engineer,Infosys,3,14.79,54,Low Match,90,3,28.65,58,0
R195,Ravi Sharma,6,BCA,J003,BI Developer,Wipro,2,11.4,52,Low Match,80,3,24.28,88,0
R195,Ravi Sharma,6,BCA,J004,Python Developer,HCL,1,10.12,36,Low Match,70,3,21.38,119,0
R195,Ravi Sharma,6,BCA,J005,Data Science Intern,Deloitte,0,14.47,14,Low Match,60,3,22.43,100,0
R196,Anita Nair,5,B.Tech IT,J001,Data Analyst,TCS,2,10.68,109,Low Match,90,4,25.88,103,0
R196,Anita Nair,5,B.Tech IT,J002,ML Engineer,Infosys,3,4.11,163,Low Match,100,4,23.28,112,0
R196,Anita Nair,5,B.Tech IT,J003,BI Developer,Wipro,2,10.2,59,Low Match,90,4,25.54,58,0
R196,Anita Nair,5,B.Tech IT,J004,Python Developer,HCL,1,7.85,60,Low Match,80,4,21.89,103,0
R196,Anita Nair,5,B.Tech IT,J005,Data Science Intern,Deloitte,0,6.18,119,Low Match,70,4,18.73,166,0
R197,Anita Reddy,1,M.Tech,J001,Data Analyst,TCS,2,13.36,71,Low Match,80,10,26.35,98,0
R197,Anita Reddy,1,M.Tech,J002,ML Engineer,Infosys,3,14.38,61,Low Match,60,10,23.07,115,0
R197,Anita Reddy,1,M.Tech,J003,BI Developer,Wipro,2,4.56,155,Low Match,80,10,20.19,170,0
R197,Anita Reddy,1,M.Tech,J004,Python Developer,HCL,1,0.47,186,Low Match,100,10,21.33,123,0
R197,Anita Reddy,1,M.Tech,J005,Data Science Intern,Deloitte,0,4.12,143,Low Match,100,10,23.88,82,0
R198,Deepak Verma,1,B.Tech IT,J001,Data Analyst,TCS,2,8.91,134,Low Match,80,4,22.64,158,0
R198,Deepak Verma,1,B.Tech IT,J002,ML Engineer,Infosys,3,6.47,135,Low Match,60,4,16.93,177,0
R198,Deepak Verma,1,B.Tech IT,J003,BI Developer,Wipro,2,10.15,64,Low Match,80,4,23.5,105,0
R198,Deepak Verma,1,B.Tech IT,J004,Python Developer,HCL,1,6.28,92,Low Match,100,4,24.8,53,0
R198,Deepak Verma,1,B.Tech IT,J005,Data Science Intern,Deloitte,0,1.47,165,Low Match,100,4,21.43,117,0
R199,Amit Joshi,0,B.Sc CS,J001,Data Analyst,TCS,2,12.79,83,Low Match,60,3,21.25,178,0
R199,Amit Joshi,0,B.Sc CS,J002,ML Engineer,Infosys,3,4.69,157,Low Match,40,3,11.58,204,0
R199,Amit Joshi,0,B.Sc CS,J003,BI Developer,Wipro,2,14.58,20,Low Match,60,3,22.51,129,0
R199,Amit Joshi,0,B.Sc CS,J004,Python Developer,HCL,1,0.82,176,Low Match,80,3,16.87,197,0
R199,Amit Joshi,0,B.Sc CS,J005,Data Science Intern,Deloitte,0,8.84,71,Low Match,100,3,26.49,45,0
R200,Manoj Reddy,3,M.Tech,J001,Data Analyst,TCS,2,4.81,175,Low Match,100,10,24.37,127,0
R200,Manoj Reddy,3,M.Tech,J002,ML Engineer,Infosys,3,5.38,150,Low Match,100,10,24.77,94,0
R200,Manoj Reddy,3,M.Tech,J003,BI Developer,Wipro,2,5.29,134,Low Match,100,10,24.7,76,0
R200,Manoj Reddy,3,M.Tech,J004,Python Developer,HCL,1,11.43,22,Low Match,100,10,29.0,11,0
R200,Manoj Reddy,3,M.Tech,J005,Data Science Intern,Deloitte,0,0.7,189,Low Match,90,10,19.49,154,0
R201,Pooja Reddy,3,BCA,J001,Data Analyst,TCS,2,15.82,45,Low Match,100,3,31.37,22,0
R201,Pooja Reddy,3,BCA,J002,ML Engineer,Infosys,3,14.52,56,Low Match,100,3,30.46,36,0
R201,Pooja Reddy,3,BCA,J003,BI Developer,Wipro,2,7.28,101,Low Match,100,3,25.4,63,0
R201,Pooja Reddy,3,BCA,J004,Python Developer,HCL,1,0.0,199,Low Match,100,3,20.3,158,0
R201,Pooja Reddy,3,BCA,J005,Data Science Intern,Deloitte,0,4.4,135,Low Match,90,3,21.38,118,0
R202,Manoj Singh,4,B.Tech IT,J001,Data Analyst,TCS,2,21.11,13,Partial Match,100,4,35.18,8,0
R202,Manoj Singh,4,B.Tech IT,J002,ML Engineer,Infosys,3,16.26,35,Low Match,100,4,31.78,25,0
R202,Manoj Singh,4,B.Tech IT,J003,BI Developer,Wipro,2,6.53,120,Low Match,100,4,24.97,71,0
R202,Manoj Singh,4,B.Tech IT,J004,Python Developer,HCL,1,5.23,121,Low Match,90,4,22.06,101,0
R202,Manoj Singh,4,B.Tech IT,J005,Data Science Intern,Deloitte,0,12.43,29,Low Match,80,4,25.1,71,0
R203,Anita Reddy,5,B.Tech IT,J001,Data Analyst,TCS,2,19.85,25,Low Match,90,4,32.3,16,0
R203,Anita Reddy,5,B.Tech IT,J002,ML Engineer,Infosys,3,15.36,45,Low Match,100,4,31.15,32,0
R203,Anita Reddy,5,B.Tech IT,J003,BI Developer,Wipro,2,14.01,25,Low Match,90,4,28.21,25,0
R203,Anita Reddy,5,B.Tech IT,J004,Python Developer,HCL,1,0.39,193,Low Match,80,4,16.67,200,0
R203,Anita Reddy,5,B.Tech IT,J005,Data Science Intern,Deloitte,0,10.28,48,Low Match,70,4,21.6,113,0
R204,Pooja Singh,3,B.Sc CS,J001,Data Analyst,TCS,2,12.17,92,Low Match,100,3,28.82,58,0
R204,Pooja Singh,3,B.Sc CS,J002,ML Engineer,Infosys,3,16.07,39,Low Match,100,3,31.55,28,0
R204,Pooja Singh,3,B.Sc CS,J003,BI Developer,Wipro,2,13.77,26,Low Match,100,3,29.94,10,0
R204,Pooja Singh,3,B.Sc CS,J004,Python Developer,HCL,1,0.38,194,Low Match,100,3,20.57,152,0
R204,Pooja Singh,3,B.Sc CS,J005,Data Science Intern,Deloitte,0,12.41,30,Low Match,90,3,26.99,39,0
R205,Manoj Kumar,5,BCA,J001,Data Analyst,TCS,2,6.42,162,Low Match,90,3,22.79,154,0
R205,Manoj Kumar,5,BCA,J002,ML Engineer,Infosys,3,0.24,207,Low Match,100,3,20.47,147,0
R205,Manoj Kumar,5,BCA,J003,BI Developer,Wipro,2,7.06,107,Low Match,90,3,23.24,108,0
R205,Manoj Kumar,5,BCA,J004,Python Developer,HCL,1,8.74,49,Low Match,80,3,22.42,94,0
R205,Manoj Kumar,5,BCA,J005,Data Science Intern,Deloitte,0,0.93,177,Low Match,70,3,14.95,196,0
R206,Deepak Joshi,1,B.Tech IT,J001,Data Analyst,TCS,2,12.66,87,Low Match,80,4,25.26,112,0
R206,Deepak Joshi,1,B.Tech IT,J002,ML Engineer,Infosys,3,12.47,82,Low Match,60,4,21.13,139,0
R206,Deepak Joshi,1,B.Tech IT,J003,BI Developer,Wipro,2,3.65,166,Low Match,80,4,18.95,179,0
R206,Deepak Joshi,1,B.Tech IT,J004,Python Developer,HCL,1,1.41,158,Low Match,100,4,21.39,117,0
R206,Deepak Joshi,1,B.Tech IT,J005,Data Science Intern,Deloitte,0,3.3,150,Low Match,100,4,22.71,91,0
R207,Sunita Patel,0,BCA,J001,Data Analyst,TCS,2,20.04,23,Partial Match,60,3,26.33,99,0
R207,Sunita Patel,0,BCA,J002,ML Engineer,Infosys,3,3.3,174,Low Match,40,3,10.61,208,0
R207,Sunita Patel,0,BCA,J003,BI Developer,Wipro,2,14.5,21,Low Match,60,3,22.45,131,0
R207,Sunita Patel,0,BCA,J004,Python Developer,HCL,1,5.8,108,Low Match,80,3,20.36,157,0
R207,Sunita Patel,0,BCA,J005,Data Science Intern,Deloitte,0,11.23,38,Low Match,100,3,28.16,22,0
R208,Kavya Nair,3,BCA,J001,Data Analyst,TCS,2,17.44,32,Low Match,100,3,32.51,15,0
R208,Kavya Nair,3,BCA,J002,ML Engineer,Infosys,3,3.31,172,Low Match,100,3,22.62,119,0
R208,Kavya Nair,3,BCA,J003,BI Developer,Wipro,2,11.63,46,Low Match,100,3,28.44,23,0
R208,Kavya Nair,3,BCA,J004,Python Developer,HCL,1,6.17,95,Low Match,100,3,24.62,57,0
R208,Kavya Nair,3,BCA,J005,Data Science Intern,Deloitte,0,10.79,44,Low Match,90,3,25.85,58,0
R209,Sunita Iyer,3,B.Sc CS,J001,Data Analyst,TCS,2,9.07,126,Low Match,100,3,26.65,93,0
R209,Sunita Iyer,3,B.Sc CS,J002,ML Engineer,Infosys,3,13.3,72,Low Match,100,3,29.61,47,0
R209,Sunita Iyer,3,B.Sc CS,J003,BI Developer,Wipro,2,0.24,182,Low Match,100,3,20.47,163,0
R209,Sunita Iyer,3,B.Sc CS,J004,Python Developer,HCL,1,8.26,52,Low Match,100,3,26.08,29,0
R209,Sunita Iyer,3,B.Sc CS,J005,Data Science Intern,Deloitte,0,3.15,153,Low Match,90,3,20.5,140,0
R210,Kavya Reddy,6,B.Tech IT,J001,Data Analyst,TCS,2,10.58,111,Low Match,80,4,23.81,137,0
R210,Kavya Reddy,6,B.Tech IT,J002,ML Engineer,Infosys,3,23.55,8,Partial Match,90,4,34.88,13,0
R210,Kavya Reddy,6,B.Tech IT,J003,BI Developer,Wipro,2,3.61,168,Low Match,80,4,18.93,180,0
R210,Kavya Reddy,6,B.Tech IT,J004,Python Developer,HCL,1,0.38,194,Low Match,70,4,14.67,206,0
R210,Kavya Reddy,6,B.Tech IT,J005,Data Science Intern,Deloitte,0,8.24,80,Low Match,60,4,18.17,176,0
