resume_id,candidate_name,experience_years,education,job_id,job_title,company,exp_required,match_score,rank,match_level
R001,Arjun Sharma,3,B.Tech Computer Science,J001,Data Analyst,TCS,2,12.62,88,Low Match
R001,Arjun Sharma,3,B.Tech Computer Science,J002,ML Engineer,Infosys,3,12.47,82,Low Match
R001,Arjun Sharma,3,B.Tech Computer Science,J003,BI Developer,Wipro,2,10.19,61,Low Match
R001,Arjun Sharma,3,B.Tech Computer Science,J004,Python Developer,HCL,1,23.82,1,Partial Match
R001,Arjun Sharma,3,B.Tech Computer Science,J005,Data Science Intern,Deloitte,0,12.21,33,Low Match
R002,Priya Reddy,2,B.Tech Information Technology,J001,Data Analyst,TCS,2,24.46,3,Partial Match
R002,Priya Reddy,2,B.Tech Information Technology,J002,ML Engineer,Infosys,3,11.85,91,Low Match
R002,Priya Reddy,2,B.Tech Information Technology,J003,BI Developer,Wipro,2,12.36,33,Low Match
R002,Priya Reddy,2,B.Tech Information Technology,J004,Python Developer,HCL,1,8.23,54,Low Match
R002,Priya Reddy,2,B.Tech Information Technology,J005,Data Science Intern,Deloitte,0,11.31,37,Low Match
R003,Rahul Verma,1,BCA,J001,Data Analyst,TCS,2,5.54,169,Low Match
R003,Rahul Verma,1,BCA,J002,ML Engineer,Infosys,3,2.75,181,Low Match
R003,Rahul Verma,1,BCA,J003,BI Developer,Wipro,2,3.02,174,Low Match
R003,Rahul Verma,1,BCA,J004,Python Developer,HCL,1,15.21,6,Low Match
R003,Rahul Verma,1,BCA,J005,Data Science Intern,Deloitte,0,10.27,49,Low Match
R004,Sneha Patel,4,M.Tech Data Science,J001,Data Analyst,TCS,2,21.39,10,Partial Match
R004,Sneha Patel,4,M.Tech Data Science,J002,ML Engineer,Infosys,3,29.3,2,Partial Match
R004,Sneha Patel,4,M.Tech Data Science,J003,BI Developer,Wipro,2,9.9,73,Low Match
R004,Sneha Patel,4,M.Tech Data Science,J004,Python Developer,HCL,1,6.19,94,Low Match
R004,Sneha Patel,4,M.Tech Data Science,J005,Data Science Intern,Deloitte,0,13.19,23,Low Match
R005,Karthik Nair,2,B.Tech ECE,J001,Data Analyst,TCS,2,17.14,33,Low Match
R005,Karthik Nair,2,B.Tech ECE,J002,ML Engineer,Infosys,3,7.96,116,Low Match
R005,Karthik Nair,2,B.Tech ECE,J003,BI Developer,Wipro,2,4.01,158,Low Match
R005,Karthik Nair,2,B.Tech ECE,J004,Python Developer,HCL,1,14.09,10,Low Match
R005,Karthik Nair,2,B.Tech ECE,J005,Data Science Intern,Deloitte,0,24.47,2,Partial Match
R006,Divya Menon,3,B.Tech Computer Science,J001,Data Analyst,TCS,2,7.76,145,Low Match
R006,Divya Menon,3,B.Tech Computer Science,J002,ML Engineer,Infosys,3,16.02,40,Low Match
R006,Divya Menon,3,B.Tech Computer Science,J003,BI Developer,Wipro,2,5.71,129,Low Match
R006,Divya Menon,3,B.Tech Computer Science,J004,Python Developer,HCL,1,21.34,2,Partial Match
R006,Divya Menon,3,B.Tech Computer Science,J005,Data Science Intern,Deloitte,0,6.72,110,Low Match
R007,Aditya Kumar,5,MBA + B.Tech,J001,Data Analyst,TCS,2,29.09,1,Partial Match
R007,Aditya Kumar,5,MBA + B.Tech,J002,ML Engineer,Infosys,3,5.95,145,Low Match
R007,Aditya Kumar,5,MBA + B.Tech,J003,BI Developer,Wipro,2,30.27,1,Partial Match
R007,Aditya Kumar,5,MBA + B.Tech,J004,Python Developer,HCL,1,10.69,29,Low Match
R007,Aditya Kumar,5,MBA + B.Tech,J005,Data Science Intern,Deloitte,0,7.25,99,Low Match
R008,Meera Iyer,1,B.Sc Statistics,J001,Data Analyst,TCS,2,20.17,21,Partial Match
R008,Meera Iyer,1,B.Sc Statistics,J002,ML Engineer,Infosys,3,7.24,126,Low Match
R008,Meera Iyer,1,B.Sc Statistics,J003,BI Developer,Wipro,2,8.48,87,Low Match
R008,Meera Iyer,1,B.Sc Statistics,J004,Python Developer,HCL,1,9.59,40,Low Match
R008,Meera Iyer,1,B.Sc Statistics,J005,Data Science Intern,Deloitte,0,35.48,1,Partial Match
R009,Suresh Babu,0,B.Tech CSE Final Year,J001,Data Analyst,TCS,2,0.72,202,Low Match
R009,Suresh Babu,0,B.Tech CSE Final Year,J002,ML Engineer,Infosys,3,2.27,188,Low Match
R009,Suresh Babu,0,B.Tech CSE Final Year,J003,BI Developer,Wipro,2,0.43,175,Low Match
R009,Suresh Babu,0,B.Tech CSE Final Year,J004,Python Developer,HCL,1,10.01,37,Low Match
R009,Suresh Babu,0,B.Tech CSE Final Year,J005,Data Science Intern,Deloitte,0,8.2,81,Low Match
R010,Lakshmi Devi,6,M.Tech Computer Science,J001,Data Analyst,TCS,2,10.82,104,Low Match
R010,Lakshmi Devi,6,M.Tech Computer Science,J002,ML Engineer,Infosys,3,37.73,1,Partial Match
R010,Lakshmi Devi,6,M.Tech Computer Science,J003,BI Developer,Wipro,2,7.63,96,Low Match
R010,Lakshmi Devi,6,M.Tech Computer Science,J004,Python Developer,HCL,1,3.71,149,Low Match
R010,Lakshmi Devi,6,M.Tech Computer Science,J005,Data Science Intern,Deloitte,0,9.36,59,Low Match
R011,Sunita Verma,4,BCA,J001,Data Analyst,TCS,2,14.05,62,Low Match
R011,Sunita Verma,4,BCA,J002,ML Engineer,Infosys,3,7.5,120,Low Match
R011,Sunita Verma,4,BCA,J003,BI Developer,Wipro,2,10.16,62,Low Match
R011,Sunita Verma,4,BCA,J004,Python Developer,HCL,1,15.47,4,Low Match
R011,Sunita Verma,4,BCA,J005,Data Science Intern,Deloitte,0,7.87,87,Low Match
R012,Vijay Reddy,1,M.Tech,J001,Data Analyst,TCS,2,12.62,88,Low Match
R012,Vijay Reddy,1,M.Tech,J002,ML Engineer,Infosys,3,9.76,102,Low Match
R012,Vijay Reddy,1,M.Tech,J003,BI Developer,Wipro,2,14.28,24,Low Match
R012,Vijay Reddy,1,M.Tech,J004,Python Developer,HCL,1,5.96,104,Low Match
R012,Vijay Reddy,1,M.Tech,J005,Data Science Intern,Deloitte,0,7.63,93,Low Match
R013,Kavya Singh,2,M.Tech,J001,Data Analyst,TCS,2,9.76,117,Low Match
R013,Kavya Singh,2,M.Tech,J002,ML Engineer,Infosys,3,15.69,42,Low Match
R013,Kavya Singh,2,M.Tech,J003,BI Developer,Wipro,2,3.33,171,Low Match
R013,Kavya Singh,2,M.Tech,J004,Python Developer,HCL,1,5.21,124,Low Match
R013,Kavya Singh,2,M.Tech,J005,Data Science Intern,Deloitte,0,3.01,159,Low Match
R014,Kavya Patel,1,B.Sc CS,J001,Data Analyst,TCS,2,22.48,9,Partial Match
R014,Kavya Patel,1,B.Sc CS,J002,ML Engineer,Infosys,3,3.31,172,Low Match
R014,Kavya Patel,1,B.Sc CS,J003,BI Developer,Wipro,2,11.62,47,Low Match
R014,Kavya Patel,1,B.Sc CS,J004,Python Developer,HCL,1,6.16,97,Low Match
R014,Kavya Patel,1,B.Sc CS,J005,Data Science Intern,Deloitte,0,10.78,45,Low Match
R015,Manoj Sharma,5,B.Tech IT,J001,Data Analyst,TCS,2,21.11,13,Partial Match
R015,Manoj Sharma,5,B.Tech IT,J002,ML Engineer,Infosys,3,7.32,122,Low Match
R015,Manoj Sharma,5,B.Tech IT,J003,BI Developer,Wipro,2,16.28,7,Low Match
R015,Manoj Sharma,5,B.Tech IT,J004,Python Developer,HCL,1,5.74,109,Low Match
R015,Manoj Sharma,5,B.Tech IT,J005,Data Science Intern,Deloitte,0,17.33,5,Low Match
R016,Deepak Kumar,1,M.Tech,J001,Data Analyst,TCS,2,7.61,149,Low Match
R016,Deepak Kumar,1,M.Tech,J002,ML Engineer,Infosys,3,9.64,103,Low Match
R016,Deepak Kumar,1,M.Tech,J003,BI Developer,Wipro,2,8.36,88,Low Match
R016,Deepak Kumar,1,M.Tech,J004,Python Developer,HCL,1,5.88,106,Low Match
R016,Deepak Kumar,1,M.Tech,J005,Data Science Intern,Deloitte,0,6.74,109,Low Match
R017,Rohit Reddy,1,BCA,J001,Data Analyst,TCS,2,9.07,126,Low Match
R017,Rohit Reddy,1,BCA,J002,ML Engineer,Infosys,3,13.3,72,Low Match
R017,Rohit Reddy,1,BCA,J003,BI Developer,Wipro,2,0.24,182,Low Match
R017,Rohit Reddy,1,BCA,J004,Python Developer,HCL,1,0.0,199,Low Match
R017,Rohit Reddy,1,BCA,J005,Data Science Intern,Deloitte,0,3.15,153,Low Match
R018,Amit Iyer,2,B.Sc CS,J001,Data Analyst,TCS,2,9.02,130,Low Match
R018,Amit Iyer,2,B.Sc CS,J002,ML Engineer,Infosys,3,8.4,112,Low Match
R018,Amit Iyer,2,B.Sc CS,J003,BI Developer,Wipro,2,10.28,56,Low Match
R018,Amit Iyer,2,B.Sc CS,J004,Python Developer,HCL,1,11.79,18,Low Match
R018,Amit Iyer,2,B.Sc CS,J005,Data Science Intern,Deloitte,0,6.23,116,Low Match
R019,Rohit Singh,6,M.Tech,J001,Data Analyst,TCS,2,15.65,48,Low Match
R019,Rohit Singh,6,M.Tech,J002,ML Engineer,Infosys,3,27.69,3,Partial Match
R019,Rohit Singh,6,M.Tech,J003,BI Developer,Wipro,2,4.84,142,Low Match
R019,Rohit Singh,6,M.Tech,J004,Python Developer,HCL,1,8.51,51,Low Match
R019,Rohit Singh,6,M.Tech,J005,Data Science Intern,Deloitte,0,13.59,19,Low Match
R020,Pooja Singh,4,B.Tech CSE,J001,Data Analyst,TCS,2,2.47,199,Low Match
R020,Pooja Singh,4,B.Tech CSE,J002,ML Engineer,Infosys,3,6.71,133,Low Match
R020,Pooja Singh,4,B.Tech CSE,J003,BI Developer,Wipro,2,0.2,201,Low Match
R020,Pooja Singh,4,B.Tech CSE,J004,Python Developer,HCL,1,6.26,93,Low Match
R020,Pooja Singh,4,B.Tech CSE,J005,Data Science Intern,Deloitte,0,0.0,197,Low Match
R021,Ravi Verma,5,BCA,J001,Data Analyst,TCS,2,13.36,71,Low Match
R021,Ravi Verma,5,BCA,J002,ML Engineer,Infosys,3,14.38,61,Low Match
R021,Ravi Verma,5,BCA,J003,BI Developer,Wipro,2,4.56,155,Low Match
R021,Ravi Verma,5,BCA,J004,Python Developer,HCL,1,0.47,186,Low Match
R021,Ravi Verma,5,BCA,J005,Data Science Intern,Deloitte,0,4.12,143,Low Match
R022,Pooja Nair,3,BCA,J001,Data Analyst,TCS,2,24.32,4,Partial Match
R022,Pooja Nair,3,BCA,J002,ML Engineer,Infosys,3,17.12,29,Low Match
R022,Pooja Nair,3,BCA,J003,BI Developer,Wipro,2,13.2,28,Low Match
R022,Pooja Nair,3,BCA,J004,Python Developer,HCL,1,4.66,137,Low Match
R022,Pooja Nair,3,BCA,J005,Data Science Intern,Deloitte,0,16.75,9,Low Match
R023,Deepak Patel,3,BCA,J001,Data Analyst,TCS,2,13.47,69,Low Match
R023,Deepak Patel,3,BCA,J002,ML Engineer,Infosys,3,14.51,59,Low Match
R023,Deepak Patel,3,BCA,J003,BI Developer,Wipro,2,4.6,153,Low Match
R023,Deepak Patel,3,BCA,J004,Python Developer,HCL,1,0.48,184,Low Match
R023,Deepak Patel,3,BCA,J005,Data Science Intern,Deloitte,0,4.16,141,Low Match
R024,Sunita Nair,2,B.Tech CSE,J001,Data Analyst,TCS,2,10.82,104,Low Match
R024,Sunita Nair,2,B.Tech CSE,J002,ML Engineer,Infosys,3,0.27,201,Low Match
R024,Sunita Nair,2,B.Tech CSE,J003,BI Developer,Wipro,2,12.32,35,Low Match
R024,Sunita Nair,2,B.Tech CSE,J004,Python Developer,HCL,1,0.51,182,Low Match
R024,Sunita Nair,2,B.Tech CSE,J005,Data Science Intern,Deloitte,0,1.78,164,Low Match
R025,Amit Rao,3,B.Tech CSE,J001,Data Analyst,TCS,2,5.65,166,Low Match
R025,Amit Rao,3,B.Tech CSE,J002,ML Engineer,Infosys,3,7.2,127,Low Match
R025,Amit Rao,3,B.Tech CSE,J003,BI Developer,Wipro,2,3.86,161,Low Match
R025,Amit Rao,3,B.Tech CSE,J004,Python Developer,HCL,1,7.12,74,Low Match
R025,Amit Rao,3,B.Tech CSE,J005,Data Science Intern,Deloitte,0,0.6,192,Low Match
R026,Rohit Kumar,3,B.Sc CS,J001,Data Analyst,TCS,2,3.56,185,Low Match
R026,Rohit Kumar,3,B.Sc CS,J002,ML Engineer,Infosys,3,6.15,142,Low Match
R026,Rohit Kumar,3,B.Sc CS,J003,BI Developer,Wipro,2,3.82,163,Low Match
R026,Rohit Kumar,3,B.Sc CS,J004,Python Developer,HCL,1,13.46,12,Low Match
R026,Rohit Kumar,3,B.Sc CS,J005,Data Science Intern,Deloitte,0,0.6,192,Low Match
R027,Deepak Nair,6,BCA,J001,Data Analyst,TCS,2,17.47,31,Low Match
R027,Deepak Nair,6,BCA,J002,ML Engineer,Infosys,3,18.63,20,Low Match
R027,Deepak Nair,6,BCA,J003,BI Developer,Wipro,2,12.33,34,Low Match
R027,Deepak Nair,6,BCA,J004,Python Developer,HCL,1,5.14,127,Low Match
R027,Deepak Nair,6,BCA,J005,Data Science Intern,Deloitte,0,9.04,68,Low Match
R028,Amit Joshi,3,BCA,J001,Data Analyst,TCS,2,20.55,18,Partial Match
R028,Amit Joshi,3,BCA,J002,ML Engineer,Infosys,3,12.55,80,Low Match
R028,Amit Joshi,3,BCA,J003,BI Developer,Wipro,2,10.09,67,Low Match
R028,Amit Joshi,3,BCA,J004,Python Developer,HCL,1,4.03,146,Low Match
R028,Amit Joshi,3,BCA,J005,Data Science Intern,Deloitte,0,10.29,47,Low Match
R029,Ravi Patel,3,B.Tech IT,J001,Data Analyst,TCS,2,4.3,180,Low Match
R029,Ravi Patel,3,B.Tech IT,J002,ML Engineer,Infosys,3,0.25,205,Low Match
R029,Ravi Patel,3,B.Tech IT,J003,BI Developer,Wipro,2,4.62,152,Low Match
R029,Ravi Patel,3,B.Tech IT,J004,Python Developer,HCL,1,9.53,41,Low Match
R029,Ravi Patel,3,B.Tech IT,J005,Data Science Intern,Deloitte,0,0.72,188,Low Match
R030,Sunita Rao,2,M.Tech,J001,Data Analyst,TCS,2,8.77,136,Low Match
R030,Sunita Rao,2,M.Tech,J002,ML Engineer,Infosys,3,13.95,66,Low Match
R030,Sunita Rao,2,M.Tech,J003,BI Developer,Wipro,2,10.0,69,Low Match
R030,Sunita Rao,2,M.Tech,J004,Python Developer,HCL,1,0.56,180,Low Match
R030,Sunita Rao,2,M.Tech,J005,Data Science Intern,Deloitte,0,10.45,46,Low Match
R031,Anita Patel,0,B.Sc CS,J001,Data Analyst,TCS,2,9.07,126,Low Match
R031,Anita Patel,0,B.Sc CS,J002,ML Engineer,Infosys,3,13.3,72,Low Match
R031,Anita Patel,0,B.Sc CS,J003,BI Developer,Wipro,2,0.24,182,Low Match
R031,Anita Patel,0,B.Sc CS,J004,Python Developer,HCL,1,0.0,199,Low Match
R031,Anita Patel,0,B.Sc CS,J005,Data Science Intern,Deloitte,0,3.15,153,Low Match
R032,Vijay Iyer,3,B.Tech IT,J001,Data Analyst,TCS,2,5.3,172,Low Match
R032,Vijay Iyer,3,B.Tech IT,J002,ML Engineer,Infosys,3,13.31,71,Low Match
R032,Vijay Iyer,3,B.Tech IT,J003,BI Developer,Wipro,2,3.62,167,Low Match
R032,Vijay Iyer,3,B.Tech IT,J004,Python Developer,HCL,1,1.39,159,Low Match
R032,Vijay Iyer,3,B.Tech IT,J005,Data Science Intern,Deloitte,0,5.55,126,Low Match
R033,Vijay Sharma,4,B.Tech CSE,J001,Data Analyst,TCS,2,8.86,135,Low Match
R033,Vijay Sharma,4,B.Tech CSE,J002,ML Engineer,Infosys,3,26.84,4,Partial Match
R033,Vijay Sharma,4,B.Tech CSE,J003,BI Developer,Wipro,2,0.23,192,Low Match
R033,Vijay Sharma,4,B.Tech CSE,J004,Python Developer,HCL,1,0.0,199,Low Match
R033,Vijay Sharma,4,B.Tech CSE,J005,Data Science Intern,Deloitte,0,8.74,73,Low Match
R034,Amit Sharma,5,B.Tech CSE,J001,Data Analyst,TCS,2,15.18,54,Low Match
R034,Amit Sharma,5,B.Tech CSE,J002,ML Engineer,Infosys,3,22.07,12,Partial Match
R034,Amit Sharma,5,B.Tech CSE,J003,BI Developer,Wipro,2,4.69,147,Low Match
R034,Amit Sharma,5,B.Tech CSE,J004,Python Developer,HCL,1,9.8,38,Low Match
R034,Amit Sharma,5,B.Tech CSE,J005,Data Science Intern,Deloitte,0,13.18,24,Low Match
R035,Amit Reddy,3,M.Tech,J001,Data Analyst,TCS,2,6.81,155,Low Match
R035,Amit Reddy,3,M.Tech,J002,ML Engineer,Infosys,3,1.45,191,Low Match
R035,Amit Reddy,3,M.Tech,J003,BI Developer,Wipro,2,4.65,148,Low Match
R035,Amit Reddy,3,M.Tech,J004,Python Developer,HCL,1,1.79,150,Low Match
R035,Amit Reddy,3,M.Tech,J005,Data Science Intern,Deloitte,0,0.73,184,Low Match
R036,Vijay Sharma,3,B.Tech CSE,J001,Data Analyst,TCS,2,8.75,137,Low Match
R036,Vijay Sharma,3,B.Tech CSE,J002,ML Engineer,Infosys,3,26.52,5,Partial Match
R036,Vijay Sharma,3,B.Tech CSE,J003,BI Developer,Wipro,2,0.23,192,Low Match
R036,Vijay Sharma,3,B.Tech CSE,J004,Python Developer,HCL,1,0.0,199,Low Match
R036,Vijay Sharma,3,B.Tech CSE,J005,Data Science Intern,Deloitte,0,8.64,77,Low Match
R037,Ravi Reddy,6,B.Tech IT,J001,Data Analyst,TCS,2,2.89,192,Low Match
R037,Ravi Reddy,6,B.Tech IT,J002,ML Engineer,Infosys,3,1.31,197,Low Match
R037,Ravi Reddy,6,B.Tech IT,J003,BI Developer,Wipro,2,0.24,182,Low Match
R037,Ravi Reddy,6,B.Tech IT,J004,Python Developer,HCL,1,9.43,43,Low Match
R037,Ravi Reddy,6,B.Tech IT,J005,Data Science Intern,Deloitte,0,0.0,197,Low Match
R038,Vijay Patel,1,M.Tech,J001,Data Analyst,TCS,2,7.94,141,Low Match
R038,Vijay Patel,1,M.Tech,J002,ML Engineer,Infosys,3,3.93,165,Low Match
R038,Vijay Patel,1,M.Tech,J003,BI Developer,Wipro,2,6.9,111,Low Match
R038,Vijay Patel,1,M.Tech,J004,Python Developer,HCL,1,7.28,71,Low Match
R038,Vijay Patel,1,M.Tech,J005,Data Science Intern,Deloitte,0,5.57,125,Low Match
R039,Deepak Patel,1,M.Tech,J001,Data Analyst,TCS,2,17.53,30,Low Match
R039,Deepak Patel,1,M.Tech,J002,ML Engineer,Infosys,3,16.19,37,Low Match
R039,Deepak Patel,1,M.Tech,J003,BI Developer,Wipro,2,14.68,19,Low Match
R039,Deepak Patel,1,M.Tech,J004,Python Developer,HCL,1,4.31,144,Low Match
R039,Deepak Patel,1,M.Tech,J005,Data Science Intern,Deloitte,0,17.24,7,Low Match
R040,Ravi Singh,5,BCA,J001,Data Analyst,TCS,2,16.3,39,Low Match
R040,Ravi Singh,5,BCA,J002,ML Engineer,Infosys,3,2.68,182,Low Match
R040,Ravi Singh,5,BCA,J003,BI Developer,Wipro,2,11.8,41,Low Match
R040,Ravi Singh,5,BCA,J004,Python Developer,HCL,1,4.72,133,Low Match
R040,Ravi Singh,5,BCA,J005,Data Science Intern,Deloitte,0,9.14,62,Low Match
R041,Kavya Rao,6,M.Tech,J001,Data Analyst,TCS,2,2.5,197,Low Match
R041,Kavya Rao,6,M.Tech,J002,ML Engineer,Infosys,3,6.8,132,Low Match
R041,Kavya Rao,6,M.Tech,J003,BI Developer,Wipro,2,0.2,201,Low Match
R041,Kavya Rao,6,M.Tech,J004,Python Developer,HCL,1,6.34,88,Low Match
R041,Kavya Rao,6,M.Tech,J005,Data Science Intern,Deloitte,0,0.0,197,Low Match
R042,Anita Patel,3,BCA,J001,Data Analyst,TCS,2,14.34,59,Low Match
R042,Anita Patel,3,BCA,J002,ML Engineer,Infosys,3,8.83,107,Low Match
R042,Anita Patel,3,BCA,J003,BI Developer,Wipro,2,9.57,78,Low Match
R042,Anita Patel,3,BCA,J004,Python Developer,HCL,1,10.8,27,Low Match
R042,Anita Patel,3,BCA,J005,Data Science Intern,Deloitte,0,8.88,69,Low Match
R043,Amit Iyer,6,B.Tech CSE,J001,Data Analyst,TCS,2,18.09,28,Low Match
R043,Amit Iyer,6,B.Tech CSE,J002,ML Engineer,Infosys,3,5.49,149,Low Match
R043,Amit Iyer,6,B.Tech CSE,J003,BI Developer,Wipro,2,15.15,12,Low Match
R043,Amit Iyer,6,B.Tech CSE,J004,Python Developer,HCL,1,10.97,25,Low Match
R043,Amit Iyer,6,B.Tech CSE,J005,Data Science Intern,Deloitte,0,13.2,22,Low Match
R044,Anita Singh,1,B.Tech CSE,J001,Data Analyst,TCS,2,7.53,150,Low Match
R044,Anita Singh,1,B.Tech CSE,J002,ML Engineer,Infosys,3,9.53,104,Low Match
R044,Anita Singh,1,B.Tech CSE,J003,BI Developer,Wipro,2,8.27,89,Low Match
R044,Anita Singh,1,B.Tech CSE,J004,Python Developer,HCL,1,5.82,107,Low Match
R044,Anita Singh,1,B.Tech CSE,J005,Data Science Intern,Deloitte,0,6.67,111,Low Match
R045,Sunita Reddy,5,B.Sc CS,J001,Data Analyst,TCS,2,6.81,155,Low Match
R045,Sunita Reddy,5,B.Sc CS,J002,ML Engineer,Infosys,3,1.45,191,Low Match
R045,Sunita Reddy,5,B.Sc CS,J003,BI Developer,Wipro,2,4.65,148,Low Match
R045,Sunita Reddy,5,B.Sc CS,J004,Python Developer,HCL,1,1.79,150,Low Match
R045,Sunita Reddy,5,B.Sc CS,J005,Data Science Intern,Deloitte,0,0.73,184,Low Match
R046,Anita Singh,5,M.Tech,J001,Data Analyst,TCS,2,16.03,42,Low Match
R046,Anita Singh,5,M.Tech,J002,ML Engineer,Infosys,3,3.64,170,Low Match
R046,Anita Singh,5,M.Tech,J003,BI Developer,Wipro,2,9.33,80,Low Match
R046,Anita Singh,5,M.Tech,J004,Python Developer,HCL,1,6.02,103,Low Match
R046,Anita Singh,5,M.Tech,J005,Data Science Intern,Deloitte,0,8.65,75,Low Match
R047,Sunita Rao,1,B.Tech CSE,J001,Data Analyst,TCS,2,15.34,51,Low Match
R047,Sunita Rao,1,B.Tech CSE,J002,ML Engineer,Infosys,3,14.78,55,Low Match
R047,Sunita Rao,1,B.Tech CSE,J003,BI Developer,Wipro,2,11.1,53,Low Match
R047,Sunita Rao,1,B.Tech CSE,J004,Python Developer,HCL,1,4.44,141,Low Match
R047,Sunita Rao,1,B.Tech CSE,J005,Data Science Intern,Deloitte,0,13.61,18,Low Match
R048,Manoj Reddy,4,B.Tech CSE,J001,Data Analyst,TCS,2,4.65,176,Low Match
R048,Manoj Reddy,4,B.Tech CSE,J002,ML Engineer,Infosys,3,16.08,38,Low Match
R048,Manoj Reddy,4,B.Tech CSE,J003,BI Developer,Wipro,2,5.11,137,Low Match
R048,Manoj Reddy,4,B.Tech CSE,J004,Python Developer,HCL,1,4.72,133,Low Match
R048,Manoj Reddy,4,B.Tech CSE,J005,Data Science Intern,Deloitte,0,5.12,129,Low Match
R049,Amit Sharma,2,B.Tech IT,J001,Data Analyst,TCS,2,4.04,181,Low Match
R049,Amit Sharma,2,B.Tech IT,J002,ML Engineer,Infosys,3,14.84,51,Low Match
R049,Amit Sharma,2,B.Tech IT,J003,BI Developer,Wipro,2,4.34,157,Low Match
R049,Amit Sharma,2,B.Tech IT,J004,Python Developer,HCL,1,0.45,188,Low Match
R049,Amit Sharma,2,B.Tech IT,J005,Data Science Intern,Deloitte,0,6.65,113,Low Match
R050,Pooja Kumar,2,B.Tech CSE,J001,Data Analyst,TCS,2,11.01,101,Low Match
R050,Pooja Kumar,2,B.Tech CSE,J002,ML Engineer,Infosys,3,8.53,111,Low Match
R050,Pooja Kumar,2,B.Tech CSE,J003,BI Developer,Wipro,2,12.47,31,Low Match
R050,Pooja Kumar,2,B.Tech CSE,J004,Python Developer,HCL,1,11.72,20,Low Match
R050,Pooja Kumar,2,B.Tech CSE,J005,Data Science Intern,Deloitte,0,6.66,112,Low Match
R051,Sunita Verma,1,B.Tech CSE,J001,Data Analyst,TCS,2,9.21,122,Low Match
R051,Sunita Verma,1,B.Tech CSE,J002,ML Engineer,Infosys,3,11.67,94,Low Match
R051,Sunita Verma,1,B.Tech CSE,J003,BI Developer,Wipro,2,10.12,65,Low Match
R051,Sunita Verma,1,B.Tech CSE,J004,Python Developer,HCL,1,7.12,74,Low Match
R051,Sunita Verma,1,B.Tech CSE,J005,Data Science Intern,Deloitte,0,8.16,82,Low Match
R052,Manoj Sharma,0,M.Tech,J001,Data Analyst,TCS,2,12.74,84,Low Match
R052,Manoj Sharma,0,M.Tech,J002,ML Engineer,Infosys,3,9.34,105,Low Match
R052,Manoj Sharma,0,M.Tech,J003,BI Developer,Wipro,2,12.42,32,Low Match
R052,Manoj Sharma,0,M.Tech,J004,Python Developer,HCL,1,6.11,100,Low Match
R052,Manoj Sharma,0,M.Tech,J005,Data Science Intern,Deloitte,0,6.63,114,Low Match
R053,Sunita Joshi,2,B.Sc CS,J001,Data Analyst,TCS,2,11.91,95,Low Match
R053,Sunita Joshi,2,B.Sc CS,J002,ML Engineer,Infosys,3,15.13,48,Low Match
R053,Sunita Joshi,2,B.Sc CS,J003,BI Developer,Wipro,2,0.25,178,Low Match
R053,Sunita Joshi,2,B.Sc CS,J004,Python Developer,HCL,1,1.24,162,Low Match
R053,Sunita Joshi,2,B.Sc CS,J005,Data Science Intern,Deloitte,0,3.32,149,Low Match
R054,Kavya Sharma,3,BCA,J001,Data Analyst,TCS,2,6.83,153,Low Match
R054,Kavya Sharma,3,BCA,J002,ML Engineer,Infosys,3,7.63,118,Low Match
R054,Kavya Sharma,3,BCA,J003,BI Developer,Wipro,2,7.5,97,Low Match
R054,Kavya Sharma,3,BCA,J004,Python Developer,HCL,1,6.93,80,Low Match
R054,Kavya Sharma,3,BCA,J005,Data Science Intern,Deloitte,0,0.99,170,Low Match
R055,Anita Verma,4,B.Tech IT,J001,Data Analyst,TCS,2,19.69,27,Low Match
R055,Anita Verma,4,B.Tech IT,J002,ML Engineer,Infosys,3,5.37,151,Low Match
R055,Anita Verma,4,B.Tech IT,J003,BI Developer,Wipro,2,16.92,5,Low Match
R055,Anita Verma,4,B.Tech IT,J004,Python Developer,HCL,1,10.61,32,Low Match
R055,Anita Verma,4,B.Tech IT,J005,Data Science Intern,Deloitte,0,13.4,20,Low Match
R056,Anita Sharma,6,M.Tech,J001,Data Analyst,TCS,2,13.13,74,Low Match
R056,Anita Sharma,6,M.Tech,J002,ML Engineer,Infosys,3,4.81,152,Low Match
R056,Anita Sharma,6,M.Tech,J003,BI Developer,Wipro,2,14.97,13,Low Match
R056,Anita Sharma,6,M.Tech,J004,Python Developer,HCL,1,0.84,172,Low Match
R056,Anita Sharma,6,M.Tech,J005,Data Science Intern,Deloitte,0,9.07,64,Low Match
R057,Manoj Rao,0,B.Sc CS,J001,Data Analyst,TCS,2,14.28,60,Low Match
R057,Manoj Rao,0,B.Sc CS,J002,ML Engineer,Infosys,3,8.79,109,Low Match
R057,Manoj Rao,0,B.Sc CS,J003,BI Developer,Wipro,2,9.52,79,Low Match
R057,Manoj Rao,0,B.Sc CS,J004,Python Developer,HCL,1,10.75,28,Low Match
R057,Manoj Rao,0,B.Sc CS,J005,Data Science Intern,Deloitte,0,8.84,71,Low Match
R058,Amit Patel,0,BCA,J001,Data Analyst,TCS,2,16.04,41,Low Match
R058,Amit Patel,0,BCA,J002,ML Engineer,Infosys,3,4.4,158,Low Match
R058,Amit Patel,0,BCA,J003,BI Developer,Wipro,2,7.06,107,Low Match
R058,Amit Patel,0,BCA,J004,Python Developer,HCL,1,6.96,79,Low Match
R058,Amit Patel,0,BCA,J005,Data Science Intern,Deloitte,0,9.98,52,Low Match
R059,Deepak Rao,2,B.Tech CSE,J001,Data Analyst,TCS,2,13.48,68,Low Match
R059,Deepak Rao,2,B.Tech CSE,J002,ML Engineer,Infosys,3,12.99,77,Low Match
R059,Deepak Rao,2,B.Tech CSE,J003,BI Developer,Wipro,2,9.75,77,Low Match
R059,Deepak Rao,2,B.Tech CSE,J004,Python Developer,HCL,1,3.9,148,Low Match
R059,Deepak Rao,2,B.Tech CSE,J005,Data Science Intern,Deloitte,0,11.96,35,Low Match
R060,Sunita Singh,2,M.Tech,J001,Data Analyst,TCS,2,8.32,140,Low Match
R060,Sunita Singh,2,M.Tech,J002,ML Engineer,Infosys,3,17.99,24,Low Match
R060,Sunita Singh,2,M.Tech,J003,BI Developer,Wipro,2,9.14,84,Low Match
R060,Sunita Singh,2,M.Tech,J004,Python Developer,HCL,1,0.43,190,Low Match
R060,Sunita Singh,2,M.Tech,J005,Data Science Intern,Deloitte,0,13.04,25,Low Match
R061,Anita Nair,4,B.Tech CSE,J001,Data Analyst,TCS,2,13.73,67,Low Match
R061,Anita Nair,4,B.Tech CSE,J002,ML Engineer,Infosys,3,21.23,14,Partial Match
R061,Anita Nair,4,B.Tech CSE,J003,BI Developer,Wipro,2,8.22,90,Low Match
R061,Anita Nair,4,B.Tech CSE,J004,Python Developer,HCL,1,0.34,197,Low Match
R061,Anita Nair,4,B.Tech CSE,J005,Data Science Intern,Deloitte,0,8.11,84,Low Match
R062,Amit Reddy,5,B.Sc CS,J001,Data Analyst,TCS,2,2.5,197,Low Match
R062,Amit Reddy,5,B.Sc CS,J002,ML Engineer,Infosys,3,6.81,131,Low Match
R062,Amit Reddy,5,B.Sc CS,J003,BI Developer,Wipro,2,0.21,197,Low Match
R062,Amit Reddy,5,B.Sc CS,J004,Python Developer,HCL,1,6.35,87,Low Match
R062,Amit Reddy,5,B.Sc CS,J005,Data Science Intern,Deloitte,0,0.0,197,Low Match
R063,Anita Iyer,1,B.Tech CSE,J001,Data Analyst,TCS,2,10.64,110,Low Match
R063,Anita Iyer,1,B.Tech CSE,J002,ML Engineer,Infosys,3,9.91,101,Low Match
R063,Anita Iyer,1,B.Tech CSE,J003,BI Developer,Wipro,2,12.13,36,Low Match
R063,Anita Iyer,1,B.Tech CSE,J004,Python Developer,HCL,1,6.33,89,Low Match
R063,Anita Iyer,1,B.Tech CSE,J005,Data Science Intern,Deloitte,0,7.35,96,Low Match
R064,Kavya Singh,4,B.Tech IT,J001,Data Analyst,TCS,2,0.64,207,Low Match
R064,Kavya Singh,4,B.Tech IT,J002,ML Engineer,Infosys,3,20.82,16,Partial Match
R064,Kavya Singh,4,B.Tech IT,J003,BI Developer,Wipro,2,0.24,182,Low Match
R064,Kavya Singh,4,B.Tech IT,J004,Python Developer,HCL,1,6.11,100,Low Match
R064,Kavya Singh,4,B.Tech IT,J005,Data Science Intern,Deloitte,0,5.76,120,Low Match
R065,Anita Patel,0,B.Tech CSE,J001,Data Analyst,TCS,2,0.56,208,Low Match
R065,Anita Patel,0,B.Tech CSE,J002,ML Engineer,Infosys,3,5.9,146,Low Match
R065,Anita Patel,0,B.Tech CSE,J003,BI Developer,Wipro,2,0.21,197,Low Match
R065,Anita Patel,0,B.Tech CSE,J004,Python Developer,HCL,1,12.53,14,Low Match
R065,Anita Patel,0,B.Tech CSE,J005,Data Science Intern,Deloitte,0,0.0,197,Low Match
R066,Vijay Singh,4,B.Sc CS,J001,Data Analyst,TCS,2,11.11,100,Low Match
R066,Vijay Singh,4,B.Sc CS,J002,ML Engineer,Infosys,3,0.28,200,Low Match
R066,Vijay Singh,4,B.Sc CS,J003,BI Developer,Wipro,2,12.66,30,Low Match
R066,Vijay Singh,4,B.Sc CS,J004,Python Developer,HCL,1,0.52,181,Low Match
R066,Vijay Singh,4,B.Sc CS,J005,Data Science Intern,Deloitte,0,1.83,163,Low Match
R067,Amit Reddy,6,BCA,J001,Data Analyst,TCS,2,0.68,205,Low Match
R067,Amit Reddy,6,BCA,J002,ML Engineer,Infosys,3,7.14,128,Low Match
R067,Amit Reddy,6,BCA,J003,BI Developer,Wipro,2,0.25,178,Low Match
R067,Amit Reddy,6,BCA,J004,Python Developer,HCL,1,15.17,7,Low Match
R067,Amit Reddy,6,BCA,J005,Data Science Intern,Deloitte,0,0.0,197,Low Match
R068,Amit Reddy,5,B.Tech IT,J001,Data Analyst,TCS,2,4.45,178,Low Match
R068,Amit Reddy,5,B.Tech IT,J002,ML Engineer,Infosys,3,7.69,117,Low Match
R068,Amit Reddy,5,B.Tech IT,J003,BI Developer,Wipro,2,4.78,143,Low Match
R068,Amit Reddy,5,B.Tech IT,J004,Python Developer,HCL,1,7.48,67,Low Match
R068,Amit Reddy,5,B.Tech IT,J005,Data Science Intern,Deloitte,0,0.75,182,Low Match
R069,Deepak Kumar,5,BCA,J001,Data Analyst,TCS,2,5.56,168,Low Match
R069,Deepak Kumar,5,BCA,J002,ML Engineer,Infosys,3,6.21,140,Low Match
R069,Deepak Kumar,5,BCA,J003,BI Developer,Wipro,2,6.11,122,Low Match
R069,Deepak Kumar,5,BCA,J004,Python Developer,HCL,1,5.64,114,Low Match
R069,Deepak Kumar,5,BCA,J005,Data Science Intern,Deloitte,0,0.81,180,Low Match
R070,Kavya Singh,6,B.Sc CS,J001,Data Analyst,TCS,2,15.38,50,Low Match
R070,Kavya Singh,6,B.Sc CS,J002,ML Engineer,Infosys,3,3.08,176,Low Match
R070,Kavya Singh,6,B.Sc CS,J003,BI Developer,Wipro,2,9.88,74,Low Match
R070,Kavya Singh,6,B.Sc CS,J004,Python Developer,HCL,1,11.21,23,Low Match
R070,Kavya Singh,6,B.Sc CS,J005,Data Science Intern,Deloitte,0,7.65,92,Low Match
R071,Rohit Nair,1,B.Sc CS,J001,Data Analyst,TCS,2,3.59,184,Low Match
R071,Rohit Nair,1,B.Sc CS,J002,ML Engineer,Infosys,3,6.21,140,Low Match
R071,Rohit Nair,1,B.Sc CS,J003,BI Developer,Wipro,2,3.86,161,Low Match
R071,Rohit Nair,1,B.Sc CS,J004,Python Developer,HCL,1,6.03,102,Low Match
R071,Rohit Nair,1,B.Sc CS,J005,Data Science Intern,Deloitte,0,0.6,192,Low Match
R072,Sunita Rao,2,M.Tech,J001,Data Analyst,TCS,2,13.13,74,Low Match
R072,Sunita Rao,2,M.Tech,J002,ML Engineer,Infosys,3,4.81,152,Low Match
R072,Sunita Rao,2,M.Tech,J003,BI Developer,Wipro,2,14.97,13,Low Match
R072,Sunita Rao,2,M.Tech,J004,Python Developer,HCL,1,0.84,172,Low Match
R072,Sunita Rao,2,M.Tech,J005,Data Science Intern,Deloitte,0,9.07,64,Low Match
R073,Rohit Sharma,6,BCA,J001,Data Analyst,TCS,2,13.47,69,Low Match
R073,Rohit Sharma,6,BCA,J002,ML Engineer,Infosys,3,14.51,59,Low Match
R073,Rohit Sharma,6,BCA,J003,BI Developer,Wipro,2,4.6,153,Low Match
R073,Rohit Sharma,6,BCA,J004,Python Developer,HCL,1,0.48,184,Low Match
R073,Rohit Sharma,6,BCA,J005,Data Science Intern,Deloitte,0,4.16,141,Low Match
R074,Rohit Rao,2,B.Tech CSE,J001,Data Analyst,TCS,2,21.17,12,Partial Match
R074,Rohit Rao,2,B.Tech CSE,J002,ML Engineer,Infosys,3,16.35,34,Low Match
R074,Rohit Rao,2,B.Tech CSE,J003,BI Developer,Wipro,2,14.83,17,Low Match
R074,Rohit Rao,2,B.Tech CSE,J004,Python Developer,HCL,1,4.35,143,Low Match
R074,Rohit Rao,2,B.Tech CSE,J005,Data Science Intern,Deloitte,0,17.41,4,Low Match
R075,Anita Joshi,3,B.Tech CSE,J001,Data Analyst,TCS,2,2.34,200,Low Match
R075,Anita Joshi,3,B.Tech CSE,J002,ML Engineer,Infosys,3,12.54,81,Low Match
R075,Anita Joshi,3,B.Tech CSE,J003,BI Developer,Wipro,2,0.19,206,Low Match
R075,Anita Joshi,3,B.Tech CSE,J004,Python Developer,HCL,1,7.64,63,Low Match
R075,Anita Joshi,3,B.Tech CSE,J005,Data Science Intern,Deloitte,0,4.69,134,Low Match
R076,Vijay Iyer,5,B.Tech IT,J001,Data Analyst,TCS,2,9.25,121,Low Match
R076,Vijay Iyer,5,B.Tech IT,J002,ML Engineer,Infosys,3,25.5,7,Partial Match
R076,Vijay Iyer,5,B.Tech IT,J003,BI Developer,Wipro,2,3.16,172,Low Match
R076,Vijay Iyer,5,B.Tech IT,J004,Python Developer,HCL,1,4.94,129,Low Match
R076,Vijay Iyer,5,B.Tech IT,J005,Data Science Intern,Deloitte,0,7.2,102,Low Match
R077,Sunita Iyer,1,B.Tech IT,J001,Data Analyst,TCS,2,9.07,126,Low Match
R077,Sunita Iyer,1,B.Tech IT,J002,ML Engineer,Infosys,3,13.3,72,Low Match
R077,Sunita Iyer,1,B.Tech IT,J003,BI Developer,Wipro,2,0.24,182,Low Match
R077,Sunita Iyer,1,B.Tech IT,J004,Python Developer,HCL,1,8.26,52,Low Match
R077,Sunita Iyer,1,B.Tech IT,J005,Data Science Intern,Deloitte,0,3.15,153,Low Match
R078,Vijay Sharma,2,B.Tech IT,J001,Data Analyst,TCS,2,15.23,52,Low Match
R078,Vijay Sharma,2,B.Tech IT,J002,ML Engineer,Infosys,3,4.21,160,Low Match
R078,Vijay Sharma,2,B.Tech IT,J003,BI Developer,Wipro,2,15.52,11,Low Match
R078,Vijay Sharma,2,B.Tech IT,J004,Python Developer,HCL,1,1.52,156,Low Match
R078,Vijay Sharma,2,B.Tech IT,J005,Data Science Intern,Deloitte,0,7.02,107,Low Match
R079,Kavya Singh,4,B.Tech CSE,J001,Data Analyst,TCS,2,2.81,194,Low Match
R079,Kavya Singh,4,B.Tech CSE,J002,ML Engineer,Infosys,3,15.04,49,Low Match
R079,Kavya Singh,4,B.Tech CSE,J003,BI Developer,Wipro,2,0.23,192,Low Match
R079,Kavya Singh,4,B.Tech CSE,J004,Python Developer,HCL,1,1.15,166,Low Match
R079,Kavya Singh,4,B.Tech CSE,J005,Data Science Intern,Deloitte,0,5.63,123,Low Match
R080,Pooja Rao,0,B.Tech CSE,J001,Data Analyst,TCS,2,0.69,203,Low Match
R080,Pooja Rao,0,B.Tech CSE,J002,ML Engineer,Infosys,3,7.31,124,Low Match
R080,Pooja Rao,0,B.Tech CSE,J003,BI Developer,Wipro,2,0.26,176,Low Match
R080,Pooja Rao,0,B.Tech CSE,J004,Python Developer,HCL,1,6.63,83,Low Match
R080,Pooja Rao,0,B.Tech CSE,J005,Data Science Intern,Deloitte,0,0.0,197,Low Match
R081,Amit Reddy,5,B.Tech CSE,J001,Data Analyst,TCS,2,12.97,78,Low Match
R081,Amit Reddy,5,B.Tech CSE,J002,ML Engineer,Infosys,3,3.08,176,Low Match
R081,Amit Reddy,5,B.Tech CSE,J003,BI Developer,Wipro,2,6.75,116,Low Match
R081,Amit Reddy,5,B.Tech CSE,J004,Python Developer,HCL,1,5.41,118,Low Match
R081,Amit Reddy,5,B.Tech CSE,J005,Data Science Intern,Deloitte,0,9.55,57,Low Match
R082,Sunita Sharma,2,B.Tech CSE,J001,Data Analyst,TCS,2,20.45,19,Partial Match
R082,Sunita Sharma,2,B.Tech CSE,J002,ML Engineer,Infosys,3,10.85,99,Low Match
R082,Sunita Sharma,2,B.Tech CSE,J003,BI Developer,Wipro,2,17.58,3,Low Match
R082,Sunita Sharma,2,B.Tech CSE,J004,Python Developer,HCL,1,9.33,44,Low Match
R082,Sunita Sharma,2,B.Tech CSE,J005,Data Science Intern,Deloitte,0,13.92,15,Low Match
R083,Manoj Nair,2,B.Tech IT,J001,Data Analyst,TCS,2,3.53,186,Low Match
R083,Manoj Nair,2,B.Tech IT,J002,ML Engineer,Infosys,3,0.21,209,Low Match
R083,Manoj Nair,2,B.Tech IT,J003,BI Developer,Wipro,2,3.79,164,Low Match
R083,Manoj Nair,2,B.Tech IT,J004,Python Developer,HCL,1,7.82,62,Low Match
R083,Manoj Nair,2,B.Tech IT,J005,Data Science Intern,Deloitte,0,0.59,195,Low Match
R084,Vijay Verma,2,BCA,J001,Data Analyst,TCS,2,13.13,74,Low Match
R084,Vijay Verma,2,BCA,J002,ML Engineer,Infosys,3,4.81,152,Low Match
R084,Vijay Verma,2,BCA,J003,BI Developer,Wipro,2,14.97,13,Low Match
R084,Vijay Verma,2,BCA,J004,Python Developer,HCL,1,0.84,172,Low Match
R084,Vijay Verma,2,BCA,J005,Data Science Intern,Deloitte,0,9.07,64,Low Match
R085,Ravi Sharma,0,B.Tech IT,J001,Data Analyst,TCS,2,17.12,34,Low Match
R085,Ravi Sharma,0,B.Tech IT,J002,ML Engineer,Infosys,3,18.08,23,Low Match
R085,Ravi Sharma,0,B.Tech IT,J003,BI Developer,Wipro,2,13.2,28,Low Match
R085,Ravi Sharma,0,B.Tech IT,J004,Python Developer,HCL,1,4.66,137,Low Match
R085,Ravi Sharma,0,B.Tech IT,J005,Data Science Intern,Deloitte,0,19.03,3,Low Match
R086,Ravi Singh,6,M.Tech,J001,Data Analyst,TCS,2,2.89,192,Low Match
R086,Ravi Singh,6,M.Tech,J002,ML Engineer,Infosys,3,1.31,197,Low Match
R086,Ravi Singh,6,M.Tech,J003,BI Developer,Wipro,2,0.24,182,Low Match
R086,Ravi Singh,6,M.Tech,J004,Python Developer,HCL,1,9.44,42,Low Match
R086,Ravi Singh,6,M.Tech,J005,Data Science Intern,Deloitte,0,0.0,197,Low Match
R087,Rohit Reddy,2,BCA,J001,Data Analyst,TCS,2,8.92,132,Low Match
R087,Rohit Reddy,2,BCA,J002,ML Engineer,Infosys,3,1.41,195,Low Match
R087,Rohit Reddy,2,BCA,J003,BI Developer,Wipro,2,7.15,105,Low Match
R087,Rohit Reddy,2,BCA,J004,Python Developer,HCL,1,1.27,160,Low Match
R087,Rohit Reddy,2,BCA,J005,Data Science Intern,Deloitte,0,0.94,174,Low Match
R088,Kavya Reddy,5,B.Sc CS,J001,Data Analyst,TCS,2,10.13,116,Low Match
R088,Kavya Reddy,5,B.Sc CS,J002,ML Engineer,Infosys,3,14.06,65,Low Match
R088,Kavya Reddy,5,B.Sc CS,J003,BI Developer,Wipro,2,5.27,135,Low Match
R088,Kavya Reddy,5,B.Sc CS,J004,Python Developer,HCL,1,11.01,24,Low Match
R088,Kavya Reddy,5,B.Sc CS,J005,Data Science Intern,Deloitte,0,12.22,32,Low Match
R089,Kavya Rao,0,B.Tech CSE,J001,Data Analyst,TCS,2,11.31,97,Low Match
R089,Kavya Rao,0,B.Tech CSE,J002,ML Engineer,Infosys,3,8.69,110,Low Match
R089,Kavya Rao,0,B.Tech CSE,J003,BI Developer,Wipro,2,5.89,125,Low Match
R089,Kavya Rao,0,B.Tech CSE,J004,Python Developer,HCL,1,17.93,3,Low Match
R089,Kavya Rao,0,B.Tech CSE,J005,Data Science Intern,Deloitte,0,8.32,79,Low Match
R090,Kavya Singh,0,BCA,J001,Data Analyst,TCS,2,14.04,63,Low Match
R090,Kavya Singh,0,BCA,J002,ML Engineer,Infosys,3,7.49,121,Low Match
R090,Kavya Singh,0,BCA,J003,BI Developer,Wipro,2,10.16,62,Low Match
R090,Kavya Singh,0,BCA,J004,Python Developer,HCL,1,15.46,5,Low Match
R090,Kavya Singh,0,BCA,J005,Data Science Intern,Deloitte,0,7.87,87,Low Match
R091,Manoj Rao,3,B.Tech CSE,J001,Data Analyst,TCS,2,12.83,80,Low Match
R091,Manoj Rao,3,B.Tech CSE,J002,ML Engineer,Infosys,3,11.02,98,Low Match
R091,Manoj Rao,3,B.Tech CSE,J003,BI Developer,Wipro,2,5.11,137,Low Match
R091,Manoj Rao,3,B.Tech CSE,J004,Python Developer,HCL,1,0.91,171,Low Match
R091,Manoj Rao,3,B.Tech CSE,J005,Data Science Intern,Deloitte,0,3.09,158,Low Match
R092,Anita Patel,0,M.Tech,J001,Data Analyst,TCS,2,16.49,38,Low Match
R092,Anita Patel,0,M.Tech,J002,ML Engineer,Infosys,3,8.8,108,Low Match
R092,Anita Patel,0,M.Tech,J003,BI Developer,Wipro,2,11.93,38,Low Match
R092,Anita Patel,0,M.Tech,J004,Python Developer,HCL,1,10.49,33,Low Match
R092,Anita Patel,0,M.Tech,J005,Data Science Intern,Deloitte,0,9.24,61,Low Match
R093,Ravi Iyer,3,BCA,J001,Data Analyst,TCS,2,26.1,2,Partial Match
R093,Ravi Iyer,3,BCA,J002,ML Engineer,Infosys,3,15.42,44,Low Match
R093,Ravi Iyer,3,BCA,J003,BI Developer,Wipro,2,16.85,6,Low Match
R093,Ravi Iyer,3,BCA,J004,Python Developer,HCL,1,4.2,145,Low Match
R093,Ravi Iyer,3,BCA,J005,Data Science Intern,Deloitte,0,15.77,11,Low Match
R094,Pooja Verma,3,B.Tech IT,J001,Data Analyst,TCS,2,12.81,81,Low Match
R094,Pooja Verma,3,B.Tech IT,J002,ML Engineer,Infosys,3,9.28,106,Low Match
R094,Pooja Verma,3,B.Tech IT,J003,BI Developer,Wipro,2,5.64,132,Low Match
R094,Pooja Verma,3,B.Tech IT,J004,Python Developer,HCL,1,10.96,26,Low Match
R094,Pooja Verma,3,B.Tech IT,J005,Data Science Intern,Deloitte,0,7.97,86,Low Match
R095,Manoj Kumar,0,B.Tech CSE,J001,Data Analyst,TCS,2,21.34,11,Partial Match
R095,Manoj Kumar,0,B.Tech CSE,J002,ML Engineer,Infosys,3,16.44,33,Low Match
R095,Manoj Kumar,0,B.Tech CSE,J003,BI Developer,Wipro,2,6.6,118,Low Match
R095,Manoj Kumar,0,B.Tech CSE,J004,Python Developer,HCL,1,5.28,120,Low Match
R095,Manoj Kumar,0,B.Tech CSE,J005,Data Science Intern,Deloitte,0,12.57,27,Low Match
R096,Deepak Joshi,5,B.Sc CS,J001,Data Analyst,TCS,2,10.84,103,Low Match
R096,Deepak Joshi,5,B.Sc CS,J002,ML Engineer,Infosys,3,20.55,17,Partial Match
R096,Deepak Joshi,5,B.Sc CS,J003,BI Developer,Wipro,2,4.98,141,Low Match
R096,Deepak Joshi,5,B.Sc CS,J004,Python Developer,HCL,1,6.17,95,Low Match
R096,Deepak Joshi,5,B.Sc CS,J005,Data Science Intern,Deloitte,0,7.35,96,Low Match
R097,Vijay Patel,0,B.Sc CS,J001,Data Analyst,TCS,2,11.2,98,Low Match
R097,Vijay Patel,0,B.Sc CS,J002,ML Engineer,Infosys,3,14.23,64,Low Match
R097,Vijay Patel,0,B.Sc CS,J003,BI Developer,Wipro,2,0.23,192,Low Match
R097,Vijay Patel,0,B.Sc CS,J004,Python Developer,HCL,1,1.17,165,Low Match
R097,Vijay Patel,0,B.Sc CS,J005,Data Science Intern,Deloitte,0,3.12,157,Low Match
R098,Kavya Reddy,1,B.Tech IT,J001,Data Analyst,TCS,2,3.01,189,Low Match
R098,Kavya Reddy,1,B.Tech IT,J002,ML Engineer,Infosys,3,8.19,113,Low Match
R098,Kavya Reddy,1,B.Tech IT,J003,BI Developer,Wipro,2,0.25,178,Low Match
R098,Kavya Reddy,1,B.Tech IT,J004,Python Developer,HCL,1,7.64,63,Low Match
R098,Kavya Reddy,1,B.Tech IT,J005,Data Science Intern,Deloitte,0,0.0,197,Low Match
R099,Amit Sharma,5,B.Tech IT,J001,Data Analyst,TCS,2,9.33,119,Low Match
R099,Amit Sharma,5,B.Tech IT,J002,ML Engineer,Infosys,3,20.43,18,Partial Match
R099,Amit Sharma,5,B.Tech IT,J003,BI Developer,Wipro,2,0.24,182,Low Match
R099,Amit Sharma,5,B.Tech IT,J004,Python Developer,HCL,1,6.33,89,Low Match
R099,Amit Sharma,5,B.Tech IT,J005,Data Science Intern,Deloitte,0,3.24,151,Low Match
R100,Rohit Reddy,0,B.Tech CSE,J001,Data Analyst,TCS,2,12.4,91,Low Match
R100,Rohit Reddy,0,B.Tech CSE,J002,ML Engineer,Infosys,3,23.04,10,Partial Match
R100,Rohit Reddy,0,B.Tech CSE,J003,BI Developer,Wipro,2,6.85,114,Low Match
R100,Rohit Reddy,0,B.Tech CSE,J004,Python Developer,HCL,1,0.32,198,Low Match
R100,Rohit Reddy,0,B.Tech CSE,J005,Data Science Intern,Deloitte,0,12.08,34,Low Match
R101,Sunita Singh,4,BCA,J001,Data Analyst,TCS,2,12.73,85,Low Match
R101,Sunita Singh,4,BCA,J002,ML Engineer,Infosys,3,11.68,93,Low Match
R101,Sunita Singh,4,BCA,J003,BI Developer,Wipro,2,5.85,126,Low Match
R101,Sunita Singh,4,BCA,J004,Python Developer,HCL,1,7.25,72,Low Match
R101,Sunita Singh,4,BCA,J005,Data Science Intern,Deloitte,0,3.54,146,Low Match
R102,Rohit Singh,5,B.Sc CS,J001,Data Analyst,TCS,2,7.91,143,Low Match
R102,Rohit Singh,5,B.Sc CS,J002,ML Engineer,Infosys,3,14.31,63,Low Match
R102,Rohit Singh,5,B.Sc CS,J003,BI Developer,Wipro,2,6.87,112,Low Match
R102,Rohit Singh,5,B.Sc CS,J004,Python Developer,HCL,1,1.19,164,Low Match
R102,Rohit Singh,5,B.Sc CS,J005,Data Science Intern,Deloitte,0,9.8,55,Low Match
R103,Amit Iyer,4,B.Tech CSE,J001,Data Analyst,TCS,2,11.98,94,Low Match
R103,Amit Iyer,4,B.Tech CSE,J002,ML Engineer,Infosys,3,2.27,188,Low Match
R103,Amit Iyer,4,B.Tech CSE,J003,BI Developer,Wipro,2,7.99,92,Low Match
R103,Amit Iyer,4,B.Tech CSE,J004,Python Developer,HCL,1,10.66,31,Low Match
R103,Amit Iyer,4,B.Tech CSE,J005,Data Science Intern,Deloitte,0,7.41,95,Low Match
R104,Sunita Patel,3,B.Tech CSE,J001,Data Analyst,TCS,2,12.84,79,Low Match
R104,Sunita Patel,3,B.Tech CSE,J002,ML Engineer,Infosys,3,11.78,92,Low Match
R104,Sunita Patel,3,B.Tech CSE,J003,BI Developer,Wipro,2,5.9,124,Low Match
R104,Sunita Patel,3,B.Tech CSE,J004,Python Developer,HCL,1,7.31,70,Low Match
R104,Sunita Patel,3,B.Tech CSE,J005,Data Science Intern,Deloitte,0,3.57,145,Low Match
R105,Anita Sharma,2,M.Tech,J001,Data Analyst,TCS,2,0.69,203,Low Match
R105,Anita Sharma,2,M.Tech,J002,ML Engineer,Infosys,3,7.31,124,Low Match
R105,Anita Sharma,2,M.Tech,J003,BI Developer,Wipro,2,0.26,176,Low Match
R105,Anita Sharma,2,M.Tech,J004,Python Developer,HCL,1,6.63,83,Low Match
R105,Anita Sharma,2,M.Tech,J005,Data Science Intern,Deloitte,0,0.0,197,Low Match
R106,Sunita Kumar,6,B.Tech IT,J001,Data Analyst,TCS,2,7.72,146,Low Match
R106,Sunita Kumar,6,B.Tech IT,J002,ML Engineer,Infosys,3,16.9,30,Low Match
R106,Sunita Kumar,6,B.Tech IT,J003,BI Developer,Wipro,2,0.2,201,Low Match
R106,Sunita Kumar,6,B.Tech IT,J004,Python Developer,HCL,1,12.26,16,Low Match
R106,Sunita Kumar,6,B.Tech IT,J005,Data Science Intern,Deloitte,0,2.68,161,Low Match
R107,Rohit Singh,6,B.Tech CSE,J001,Data Analyst,TCS,2,2.99,191,Low Match
R107,Rohit Singh,6,B.Tech CSE,J002,ML Engineer,Infosys,3,8.13,115,Low Match
R107,Rohit Singh,6,B.Tech CSE,J003,BI Developer,Wipro,2,0.24,182,Low Match
R107,Rohit Singh,6,B.Tech CSE,J004,Python Developer,HCL,1,7.58,66,Low Match
R107,Rohit Singh,6,B.Tech CSE,J005,Data Science Intern,Deloitte,0,0.0,197,Low Match
R108,Rohit Reddy,3,B.Tech CSE,J001,Data Analyst,TCS,2,2.13,201,Low Match
R108,Rohit Reddy,3,B.Tech CSE,J002,ML Engineer,Infosys,3,16.26,35,Low Match
R108,Rohit Reddy,3,B.Tech CSE,J003,BI Developer,Wipro,2,0.17,210,Low Match
R108,Rohit Reddy,3,B.Tech CSE,J004,Python Developer,HCL,1,5.41,118,Low Match
R108,Rohit Reddy,3,B.Tech CSE,J005,Data Science Intern,Deloitte,0,4.28,139,Low Match
R109,Rohit Sharma,0,B.Sc CS,J001,Data Analyst,TCS,2,7.06,152,Low Match
R109,Rohit Sharma,0,B.Sc CS,J002,ML Engineer,Infosys,3,15.26,46,Low Match
R109,Rohit Sharma,0,B.Sc CS,J003,BI Developer,Wipro,2,7.76,94,Low Match
R109,Rohit Sharma,0,B.Sc CS,J004,Python Developer,HCL,1,7.2,73,Low Match
R109,Rohit Sharma,0,B.Sc CS,J005,Data Science Intern,Deloitte,0,11.06,41,Low Match
R110,Deepak Rao,4,B.Sc CS,J001,Data Analyst,TCS,2,3.01,189,Low Match
R110,Deepak Rao,4,B.Sc CS,J002,ML Engineer,Infosys,3,8.19,113,Low Match
R110,Deepak Rao,4,B.Sc CS,J003,BI Developer,Wipro,2,0.25,178,Low Match
R110,Deepak Rao,4,B.Sc CS,J004,Python Developer,HCL,1,7.64,63,Low Match
R110,Deepak Rao,4,B.Sc CS,J005,Data Science Intern,Deloitte,0,0.0,197,Low Match
R111,Kavya Nair,1,BCA,J001,Data Analyst,TCS,2,21.11,13,Partial Match
R111,Kavya Nair,1,BCA,J002,ML Engineer,Infosys,3,7.32,122,Low Match
R111,Kavya Nair,1,BCA,J003,BI Developer,Wipro,2,16.28,7,Low Match
R111,Kavya Nair,1,BCA,J004,Python Developer,HCL,1,5.74,109,Low Match
R111,Kavya Nair,1,BCA,J005,Data Science Intern,Deloitte,0,17.33,5,Low Match
R112,Kavya Nair,2,B.Tech IT,J001,Data Analyst,TCS,2,10.28,115,Low Match
R112,Kavya Nair,2,B.Tech IT,J002,ML Engineer,Infosys,3,3.77,169,Low Match
R112,Kavya Nair,2,B.Tech IT,J003,BI Developer,Wipro,2,11.72,44,Low Match
R112,Kavya Nair,2,B.Tech IT,J004,Python Developer,HCL,1,7.98,57,Low Match
R112,Kavya Nair,2,B.Tech IT,J005,Data Science Intern,Deloitte,0,7.11,106,Low Match
R113,Rohit Nair,2,BCA,J001,Data Analyst,TCS,2,6.81,155,Low Match
R113,Rohit Nair,2,BCA,J002,ML Engineer,Infosys,3,1.45,191,Low Match
R113,Rohit Nair,2,BCA,J003,BI Developer,Wipro,2,4.65,148,Low Match
R113,Rohit Nair,2,BCA,J004,Python Developer,HCL,1,1.79,150,Low Match
R113,Rohit Nair,2,BCA,J005,Data Science Intern,Deloitte,0,0.73,184,Low Match
R114,Ravi Singh,2,B.Sc CS,J001,Data Analyst,TCS,2,9.17,124,Low Match
R114,Ravi Singh,2,B.Sc CS,J002,ML Engineer,Infosys,3,17.61,26,Low Match
R114,Ravi Singh,2,B.Sc CS,J003,BI Developer,Wipro,2,4.78,143,Low Match
R114,Ravi Singh,2,B.Sc CS,J004,Python Developer,HCL,1,14.55,9,Low Match
R114,Ravi Singh,2,B.Sc CS,J005,Data Science Intern,Deloitte,0,11.07,40,Low Match
R115,Ravi Sharma,2,B.Tech CSE,J001,Data Analyst,TCS,2,10.71,107,Low Match
R115,Ravi Sharma,2,B.Tech CSE,J002,ML Engineer,Infosys,3,4.12,161,Low Match
R115,Ravi Sharma,2,B.Tech CSE,J003,BI Developer,Wipro,2,10.22,58,Low Match
R115,Ravi Sharma,2,B.Tech CSE,J004,Python Developer,HCL,1,7.87,58,Low Match
R115,Ravi Sharma,2,B.Tech CSE,J005,Data Science Intern,Deloitte,0,6.2,117,Low Match
R116,Amit Joshi,4,B.Tech IT,J001,Data Analyst,TCS,2,11.99,93,Low Match
R116,Amit Joshi,4,B.Tech IT,J002,ML Engineer,Infosys,3,2.28,187,Low Match
R116,Amit Joshi,4,B.Tech IT,J003,BI Developer,Wipro,2,8.0,91,Low Match
R116,Amit Joshi,4,B.Tech IT,J004,Python Developer,HCL,1,10.67,30,Low Match
R116,Amit Joshi,4,B.Tech IT,J005,Data Science Intern,Deloitte,0,7.42,94,Low Match
R117,Pooja Reddy,3,M.Tech,J001,Data Analyst,TCS,2,11.18,99,Low Match
R117,Pooja Reddy,3,M.Tech,J002,ML Engineer,Infosys,3,4.3,159,Low Match
R117,Pooja Reddy,3,M.Tech,J003,BI Developer,Wipro,2,10.67,54,Low Match
R117,Pooja Reddy,3,M.Tech,J004,Python Developer,HCL,1,1.55,155,Low Match
R117,Pooja Reddy,3,M.Tech,J005,Data Science Intern,Deloitte,0,6.47,115,Low Match
R118,Amit Patel,4,B.Tech CSE,J001,Data Analyst,TCS,2,5.18,173,Low Match
R118,Amit Patel,4,B.Tech CSE,J002,ML Engineer,Infosys,3,12.3,86,Low Match
R118,Amit Patel,4,B.Tech CSE,J003,BI Developer,Wipro,2,5.69,130,Low Match
R118,Amit Patel,4,B.Tech CSE,J004,Python Developer,HCL,1,0.0,199,Low Match
R118,Amit Patel,4,B.Tech CSE,J005,Data Science Intern,Deloitte,0,5.7,121,Low Match
R119,Deepak Rao,6,B.Tech IT,J001,Data Analyst,TCS,2,6.42,162,Low Match
R119,Deepak Rao,6,B.Tech IT,J002,ML Engineer,Infosys,3,0.24,207,Low Match
R119,Deepak Rao,6,B.Tech IT,J003,BI Developer,Wipro,2,7.06,107,Low Match
R119,Deepak Rao,6,B.Tech IT,J004,Python Developer,HCL,1,8.74,49,Low Match
R119,Deepak Rao,6,B.Tech IT,J005,Data Science Intern,Deloitte,0,0.93,177,Low Match
R120,Sunita Kumar,6,BCA,J001,Data Analyst,TCS,2,15.84,43,Low Match
R120,Sunita Kumar,6,BCA,J002,ML Engineer,Infosys,3,2.61,185,Low Match
R120,Sunita Kumar,6,BCA,J003,BI Developer,Wipro,2,11.46,49,Low Match
R120,Sunita Kumar,6,BCA,J004,Python Developer,HCL,1,4.59,140,Low Match
R120,Sunita Kumar,6,BCA,J005,Data Science Intern,Deloitte,0,8.88,69,Low Match
R121,Rohit Sharma,4,M.Tech,J001,Data Analyst,TCS,2,15.61,49,Low Match
R121,Rohit Sharma,4,M.Tech,J002,ML Engineer,Infosys,3,13.5,69,Low Match
R121,Rohit Sharma,4,M.Tech,J003,BI Developer,Wipro,2,10.3,55,Low Match
R121,Rohit Sharma,4,M.Tech,J004,Python Developer,HCL,1,0.58,179,Low Match
R121,Rohit Sharma,4,M.Tech,J005,Data Science Intern,Deloitte,0,8.7,74,Low Match
R122,Rohit Singh,4,B.Tech IT,J001,Data Analyst,TCS,2,13.98,64,Low Match
R122,Rohit Singh,4,B.Tech IT,J002,ML Engineer,Infosys,3,2.65,184,Low Match
R122,Rohit Singh,4,B.Tech IT,J003,BI Developer,Wipro,2,9.33,80,Low Match
R122,Rohit Singh,4,B.Tech IT,J004,Python Developer,HCL,1,12.44,15,Low Match
R122,Rohit Singh,4,B.Tech IT,J005,Data Science Intern,Deloitte,0,8.65,75,Low Match
R123,Pooja Patel,5,B.Sc CS,J001,Data Analyst,TCS,2,9.21,122,Low Match
R123,Pooja Patel,5,B.Sc CS,J002,ML Engineer,Infosys,3,11.67,94,Low Match
R123,Pooja Patel,5,B.Sc CS,J003,BI Developer,Wipro,2,10.12,65,Low Match
R123,Pooja Patel,5,B.Sc CS,J004,Python Developer,HCL,1,7.12,74,Low Match
R123,Pooja Patel,5,B.Sc CS,J005,Data Science Intern,Deloitte,0,8.16,82,Low Match
R124,Anita Singh,5,B.Tech CSE,J001,Data Analyst,TCS,2,6.83,153,Low Match
R124,Anita Singh,5,B.Tech CSE,J002,ML Engineer,Infosys,3,7.63,118,Low Match
R124,Anita Singh,5,B.Tech CSE,J003,BI Developer,Wipro,2,7.5,97,Low Match
R124,Anita Singh,5,B.Tech CSE,J004,Python Developer,HCL,1,6.93,80,Low Match
R124,Anita Singh,5,B.Tech CSE,J005,Data Science Intern,Deloitte,0,0.99,170,Low Match
R125,Anita Joshi,6,BCA,J001,Data Analyst,TCS,2,4.41,179,Low Match
R125,Anita Joshi,6,BCA,J002,ML Engineer,Infosys,3,0.26,202,Low Match
R125,Anita Joshi,6,BCA,J003,BI Developer,Wipro,2,4.74,145,Low Match
R125,Anita Joshi,6,BCA,J004,Python Developer,HCL,1,0.49,183,Low Match
R125,Anita Joshi,6,BCA,J005,Data Science Intern,Deloitte,0,0.74,183,Low Match
R126,Vijay Patel,6,M.Tech,J001,Data Analyst,TCS,2,5.63,167,Low Match
R126,Vijay Patel,6,M.Tech,J002,ML Engineer,Infosys,3,6.3,138,Low Match
R126,Vijay Patel,6,M.Tech,J003,BI Developer,Wipro,2,6.19,121,Low Match
R126,Vijay Patel,6,M.Tech,J004,Python Developer,HCL,1,5.71,112,Low Match
R126,Vijay Patel,6,M.Tech,J005,Data Science Intern,Deloitte,0,0.82,179,Low Match
R127,Pooja Rao,2,B.Tech CSE,J001,Data Analyst,TCS,2,3.35,187,Low Match
R127,Pooja Rao,2,B.Tech CSE,J002,ML Engineer,Infosys,3,12.32,85,Low Match
R127,Pooja Rao,2,B.Tech CSE,J003,BI Developer,Wipro,2,3.6,169,Low Match
R127,Pooja Rao,2,B.Tech CSE,J004,Python Developer,HCL,1,7.43,68,Low Match
R127,Pooja Rao,2,B.Tech CSE,J005,Data Science Intern,Deloitte,0,5.52,127,Low Match
R128,Kavya Sharma,3,BCA,J001,Data Analyst,TCS,2,0.54,209,Low Match
R128,Kavya Sharma,3,BCA,J002,ML Engineer,Infosys,3,17.62,25,Low Match
R128,Kavya Sharma,3,BCA,J003,BI Developer,Wipro,2,0.2,201,Low Match
R128,Kavya Sharma,3,BCA,J004,Python Developer,HCL,1,5.17,126,Low Match
R128,Kavya Sharma,3,BCA,J005,Data Science Intern,Deloitte,0,4.88,132,Low Match
R129,Vijay Iyer,4,BCA,J001,Data Analyst,TCS,2,16.51,37,Low Match
R129,Vijay Iyer,4,BCA,J002,ML Engineer,Infosys,3,16.48,32,Low Match
R129,Vijay Iyer,4,BCA,J003,BI Developer,Wipro,2,11.44,50,Low Match
R129,Vijay Iyer,4,BCA,J004,Python Developer,HCL,1,4.92,130,Low Match
R129,Vijay Iyer,4,BCA,J005,Data Science Intern,Deloitte,0,16.49,10,Low Match
R130,Kavya Sharma,0,B.Sc CS,J001,Data Analyst,TCS,2,9.4,118,Low Match
R130,Kavya Sharma,0,B.Sc CS,J002,ML Engineer,Infosys,3,11.94,90,Low Match
R130,Kavya Sharma,0,B.Sc CS,J003,BI Developer,Wipro,2,0.2,201,Low Match
R130,Kavya Sharma,0,B.Sc CS,J004,Python Developer,HCL,1,7.84,61,Low Match
R130,Kavya Sharma,0,B.Sc CS,J005,Data Science Intern,Deloitte,0,2.62,162,Low Match
R131,Vijay Iyer,2,B.Tech CSE,J001,Data Analyst,TCS,2,9.11,125,Low Match
R131,Vijay Iyer,2,B.Tech CSE,J002,ML Engineer,Infosys,3,11.54,96,Low Match
R131,Vijay Iyer,2,B.Tech CSE,J003,BI Developer,Wipro,2,10.01,68,Low Match
R131,Vijay Iyer,2,B.Tech CSE,J004,Python Developer,HCL,1,7.04,77,Low Match
R131,Vijay Iyer,2,B.Tech CSE,J005,Data Science Intern,Deloitte,0,8.07,85,Low Match
R132,Rohit Iyer,4,BCA,J001,Data Analyst,TCS,2,3.32,188,Low Match
R132,Rohit Iyer,4,BCA,J002,ML Engineer,Infosys,3,12.21,89,Low Match
R132,Rohit Iyer,4,BCA,J003,BI Developer,Wipro,2,3.57,170,Low Match
R132,Rohit Iyer,4,BCA,J004,Python Developer,HCL,1,7.36,69,Low Match
R132,Rohit Iyer,4,BCA,J005,Data Science Intern,Deloitte,0,5.47,128,Low Match
R133,Manoj Singh,2,BCA,J001,Data Analyst,TCS,2,13.28,73,Low Match
R133,Manoj Singh,2,BCA,J002,ML Engineer,Infosys,3,13.69,68,Low Match
R133,Manoj Singh,2,BCA,J003,BI Developer,Wipro,2,7.73,95,Low Match
R133,Manoj Singh,2,BCA,J004,Python Developer,HCL,1,4.99,128,Low Match
R133,Manoj Singh,2,BCA,J005,Data Science Intern,Deloitte,0,11.54,36,Low Match
R134,Deepak Joshi,2,M.Tech,J001,Data Analyst,TCS,2,17.03,35,Low Match
R134,Deepak Joshi,2,M.Tech,J002,ML Engineer,Infosys,3,11.15,97,Low Match
R134,Deepak Joshi,2,M.Tech,J003,BI Developer,Wipro,2,11.8,41,Low Match
R134,Deepak Joshi,2,M.Tech,J004,Python Developer,HCL,1,9.78,39,Low Match
R134,Deepak Joshi,2,M.Tech,J005,Data Science Intern,Deloitte,0,12.57,27,Low Match
R135,Sunita Kumar,4,BCA,J001,Data Analyst,TCS,2,12.41,90,Low Match
R135,Sunita Kumar,4,BCA,J002,ML Engineer,Infosys,3,4.78,156,Low Match
R135,Sunita Kumar,4,BCA,J003,BI Developer,Wipro,2,11.85,40,Low Match
R135,Sunita Kumar,4,BCA,J004,Python Developer,HCL,1,1.73,154,Low Match
R135,Sunita Kumar,4,BCA,J005,Data Science Intern,Deloitte,0,7.18,105,Low Match
R136,Sunita Rao,0,B.Tech CSE,J001,Data Analyst,TCS,2,22.93,7,Partial Match
R136,Sunita Rao,0,B.Tech CSE,J002,ML Engineer,Infosys,3,6.26,139,Low Match
R136,Sunita Rao,0,B.Tech CSE,J003,BI Developer,Wipro,2,19.7,2,Low Match
R136,Sunita Rao,0,B.Tech CSE,J004,Python Developer,HCL,1,4.91,131,Low Match
R136,Sunita Rao,0,B.Tech CSE,J005,Data Science Intern,Deloitte,0,15.6,12,Low Match
R137,Vijay Singh,1,B.Sc CS,J001,Data Analyst,TCS,2,5.15,174,Low Match
R137,Vijay Singh,1,B.Sc CS,J002,ML Engineer,Infosys,3,12.24,88,Low Match
R137,Vijay Singh,1,B.Sc CS,J003,BI Developer,Wipro,2,5.66,131,Low Match
R137,Vijay Singh,1,B.Sc CS,J004,Python Developer,HCL,1,7.01,78,Low Match
R137,Vijay Singh,1,B.Sc CS,J005,Data Science Intern,Deloitte,0,5.67,122,Low Match
R138,Ravi Sharma,3,B.Tech IT,J001,Data Analyst,TCS,2,0.65,206,Low Match
R138,Ravi Sharma,3,B.Tech IT,J002,ML Engineer,Infosys,3,6.93,129,Low Match
R138,Ravi Sharma,3,B.Tech IT,J003,BI Developer,Wipro,2,0.24,182,Low Match
R138,Ravi Sharma,3,B.Tech IT,J004,Python Developer,HCL,1,14.71,8,Low Match
R138,Ravi Sharma,3,B.Tech IT,J005,Data Science Intern,Deloitte,0,0.0,197,Low Match
R139,Rohit Verma,0,B.Sc CS,J001,Data Analyst,TCS,2,21.06,16,Partial Match
R139,Rohit Verma,0,B.Sc CS,J002,ML Engineer,Infosys,3,14.82,52,Low Match
R139,Rohit Verma,0,B.Sc CS,J003,BI Developer,Wipro,2,11.42,51,Low Match
R139,Rohit Verma,0,B.Sc CS,J004,Python Developer,HCL,1,10.15,35,Low Match
R139,Rohit Verma,0,B.Sc CS,J005,Data Science Intern,Deloitte,0,14.5,13,Low Match
R140,Vijay Sharma,0,M.Tech,J001,Data Analyst,TCS,2,24.11,5,Partial Match
R140,Vijay Sharma,0,M.Tech,J002,ML Engineer,Infosys,3,2.79,180,Low Match
R140,Vijay Sharma,0,M.Tech,J003,BI Developer,Wipro,2,15.92,10,Low Match
R140,Vijay Sharma,0,M.Tech,J004,Python Developer,HCL,1,5.19,125,Low Match
R140,Vijay Sharma,0,M.Tech,J005,Data Science Intern,Deloitte,0,9.92,53,Low Match
R141,Pooja Singh,1,BCA,J001,Data Analyst,TCS,2,3.66,182,Low Match
R141,Pooja Singh,1,BCA,J002,ML Engineer,Infosys,3,6.33,136,Low Match
R141,Pooja Singh,1,BCA,J003,BI Developer,Wipro,2,3.93,159,Low Match
R141,Pooja Singh,1,BCA,J004,Python Developer,HCL,1,6.15,98,Low Match
R141,Pooja Singh,1,BCA,J005,Data Science Intern,Deloitte,0,0.61,190,Low Match
R142,Manoj Joshi,0,M.Tech,J001,Data Analyst,TCS,2,19.79,26,Low Match
R142,Manoj Joshi,0,M.Tech,J002,ML Engineer,Infosys,3,3.26,175,Low Match
R142,Manoj Joshi,0,M.Tech,J003,BI Developer,Wipro,2,14.32,23,Low Match
R142,Manoj Joshi,0,M.Tech,J004,Python Developer,HCL,1,5.73,111,Low Match
R142,Manoj Joshi,0,M.Tech,J005,Data Science Intern,Deloitte,0,11.09,39,Low Match
R143,Anita Iyer,3,B.Tech CSE,J001,Data Analyst,TCS,2,5.5,171,Low Match
R143,Anita Iyer,3,B.Tech CSE,J002,ML Engineer,Infosys,3,6.15,142,Low Match
R143,Anita Iyer,3,B.Tech CSE,J003,BI Developer,Wipro,2,6.05,123,Low Match
R143,Anita Iyer,3,B.Tech CSE,J004,Python Developer,HCL,1,5.58,115,Low Match
R143,Anita Iyer,3,B.Tech CSE,J005,Data Science Intern,Deloitte,0,0.8,181,Low Match
R144,Vijay Nair,4,B.Tech IT,J001,Data Analyst,TCS,2,6.23,165,Low Match
R144,Vijay Nair,4,B.Tech IT,J002,ML Engineer,Infosys,3,14.81,53,Low Match
R144,Vijay Nair,4,B.Tech IT,J003,BI Developer,Wipro,2,6.85,114,Low Match
R144,Vijay Nair,4,B.Tech IT,J004,Python Developer,HCL,1,0.0,199,Low Match
R144,Vijay Nair,4,B.Tech IT,J005,Data Science Intern,Deloitte,0,6.86,108,Low Match
R145,Vijay Joshi,0,B.Sc CS,J001,Data Analyst,TCS,2,7.3,151,Low Match
R145,Vijay Joshi,0,B.Sc CS,J002,ML Engineer,Infosys,3,22.12,11,Partial Match
R145,Vijay Joshi,0,B.Sc CS,J003,BI Developer,Wipro,2,0.19,206,Low Match
R145,Vijay Joshi,0,B.Sc CS,J004,Python Developer,HCL,1,6.64,82,Low Match
R145,Vijay Joshi,0,B.Sc CS,J005,Data Science Intern,Deloitte,0,7.21,101,Low Match
R146,Ravi Singh,1,B.Sc CS,J001,Data Analyst,TCS,2,10.4,114,Low Match
R146,Ravi Singh,1,B.Sc CS,J002,ML Engineer,Infosys,3,3.81,168,Low Match
R146,Ravi Singh,1,B.Sc CS,J003,BI Developer,Wipro,2,11.86,39,Low Match
R146,Ravi Singh,1,B.Sc CS,J004,Python Developer,HCL,1,8.07,55,Low Match
R146,Ravi Singh,1,B.Sc CS,J005,Data Science Intern,Deloitte,0,7.19,103,Low Match
R147,Deepak Nair,6,B.Sc CS,J001,Data Analyst,TCS,2,10.55,112,Low Match
R147,Deepak Nair,6,B.Sc CS,J002,ML Engineer,Infosys,3,2.5,186,Low Match
R147,Deepak Nair,6,B.Sc CS,J003,BI Developer,Wipro,2,5.49,133,Low Match
R147,Deepak Nair,6,B.Sc CS,J004,Python Developer,HCL,1,11.46,21,Low Match
R147,Deepak Nair,6,B.Sc CS,J005,Data Science Intern,Deloitte,0,7.76,89,Low Match
R148,Amit Iyer,2,B.Sc CS,J001,Data Analyst,TCS,2,6.74,159,Low Match
R148,Amit Iyer,2,B.Sc CS,J002,ML Engineer,Infosys,3,0.26,202,Low Match
R148,Amit Iyer,2,B.Sc CS,J003,BI Developer,Wipro,2,7.41,99,Low Match
R148,Amit Iyer,2,B.Sc CS,J004,Python Developer,HCL,1,0.0,199,Low Match
R148,Amit Iyer,2,B.Sc CS,J005,Data Science Intern,Deloitte,0,0.98,172,Low Match
R149,Sunita Verma,3,BCA,J001,Data Analyst,TCS,2,2.53,196,Low Match
R149,Sunita Verma,3,BCA,J002,ML Engineer,Infosys,3,6.87,130,Low Match
R149,Sunita Verma,3,BCA,J003,BI Developer,Wipro,2,0.21,197,Low Match
R149,Sunita Verma,3,BCA,J004,Python Developer,HCL,1,6.41,86,Low Match
R149,Sunita Verma,3,BCA,J005,Data Science Intern,Deloitte,0,0.0,197,Low Match
R150,Rohit Nair,3,M.Tech,J001,Data Analyst,TCS,2,10.74,106,Low Match
R150,Rohit Nair,3,M.Tech,J002,ML Engineer,Infosys,3,13.4,70,Low Match
R150,Rohit Nair,3,M.Tech,J003,BI Developer,Wipro,2,4.73,146,Low Match
R150,Rohit Nair,3,M.Tech,J004,Python Developer,HCL,1,4.66,137,Low Match
R150,Rohit Nair,3,M.Tech,J005,Data Science Intern,Deloitte,0,10.95,43,Low Match
R151,Sunita Sharma,3,B.Tech IT,J001,Data Analyst,TCS,2,0.52,210,Low Match
R151,Sunita Sharma,3,B.Tech IT,J002,ML Engineer,Infosys,3,17.13,28,Low Match
R151,Sunita Sharma,3,B.Tech IT,J003,BI Developer,Wipro,2,0.19,206,Low Match
R151,Sunita Sharma,3,B.Tech IT,J004,Python Developer,HCL,1,11.77,19,Low Match
R151,Sunita Sharma,3,B.Tech IT,J005,Data Science Intern,Deloitte,0,4.74,133,Low Match
R152,Pooja Sharma,4,B.Sc CS,J001,Data Analyst,TCS,2,8.92,132,Low Match
R152,Pooja Sharma,4,B.Sc CS,J002,ML Engineer,Infosys,3,1.41,195,Low Match
R152,Pooja Sharma,4,B.Sc CS,J003,BI Developer,Wipro,2,7.15,105,Low Match
R152,Pooja Sharma,4,B.Sc CS,J004,Python Developer,HCL,1,1.27,160,Low Match
R152,Pooja Sharma,4,B.Sc CS,J005,Data Science Intern,Deloitte,0,0.94,174,Low Match
R153,Anita Verma,3,B.Tech IT,J001,Data Analyst,TCS,2,3.66,182,Low Match
R153,Anita Verma,3,B.Tech IT,J002,ML Engineer,Infosys,3,6.33,136,Low Match
R153,Anita Verma,3,B.Tech IT,J003,BI Developer,Wipro,2,3.93,159,Low Match
R153,Anita Verma,3,B.Tech IT,J004,Python Developer,HCL,1,6.15,98,Low Match
R153,Anita Verma,3,B.Tech IT,J005,Data Science Intern,Deloitte,0,0.61,190,Low Match
R154,Ravi Kumar,6,B.Sc CS,J001,Data Analyst,TCS,2,16.3,39,Low Match
R154,Ravi Kumar,6,B.Sc CS,J002,ML Engineer,Infosys,3,2.68,182,Low Match
R154,Ravi Kumar,6,B.Sc CS,J003,BI Developer,Wipro,2,11.8,41,Low Match
R154,Ravi Kumar,6,B.Sc CS,J004,Python Developer,HCL,1,4.72,133,Low Match
R154,Ravi Kumar,6,B.Sc CS,J005,Data Science Intern,Deloitte,0,9.14,62,Low Match
R155,Pooja Kumar,4,B.Tech IT,J001,Data Analyst,TCS,2,4.61,177,Low Match
R155,Pooja Kumar,4,B.Tech IT,J002,ML Engineer,Infosys,3,15.92,41,Low Match
R155,Pooja Kumar,4,B.Tech IT,J003,BI Developer,Wipro,2,5.06,139,Low Match
R155,Pooja Kumar,4,B.Tech IT,J004,Python Developer,HCL,1,4.67,136,Low Match
R155,Pooja Kumar,4,B.Tech IT,J005,Data Science Intern,Deloitte,0,5.07,130,Low Match
R156,Sunita Reddy,4,B.Tech CSE,J001,Data Analyst,TCS,2,14.11,61,Low Match
R156,Sunita Reddy,4,B.Tech CSE,J002,ML Engineer,Infosys,3,26.22,6,Partial Match
R156,Sunita Reddy,4,B.Tech CSE,J003,BI Developer,Wipro,2,7.8,93,Low Match
R156,Sunita Reddy,4,B.Tech CSE,J004,Python Developer,HCL,1,0.36,196,Low Match
R156,Sunita Reddy,4,B.Tech CSE,J005,Data Science Intern,Deloitte,0,13.74,17,Low Match
R157,Kavya Joshi,3,BCA,J001,Data Analyst,TCS,2,16.57,36,Low Match
R157,Kavya Joshi,3,BCA,J002,ML Engineer,Infosys,3,12.4,84,Low Match
R157,Kavya Joshi,3,BCA,J003,BI Developer,Wipro,2,9.92,72,Low Match
R157,Kavya Joshi,3,BCA,J004,Python Developer,HCL,1,0.41,191,Low Match
R157,Kavya Joshi,3,BCA,J005,Data Science Intern,Deloitte,0,4.37,138,Low Match
R158,Deepak Sharma,5,B.Sc CS,J001,Data Analyst,TCS,2,9.29,120,Low Match
R158,Deepak Sharma,5,B.Sc CS,J002,ML Engineer,Infosys,3,23.45,9,Partial Match
R158,Deepak Sharma,5,B.Sc CS,J003,BI Developer,Wipro,2,0.19,206,Low Match
R158,Deepak Sharma,5,B.Sc CS,J004,Python Developer,HCL,1,0.97,170,Low Match
R158,Deepak Sharma,5,B.Sc CS,J005,Data Science Intern,Deloitte,0,7.35,96,Low Match
R159,Kavya Reddy,6,B.Tech IT,J001,Data Analyst,TCS,2,15.19,53,Low Match
R159,Kavya Reddy,6,B.Tech IT,J002,ML Engineer,Infosys,3,13.93,67,Low Match
R159,Kavya Reddy,6,B.Tech IT,J003,BI Developer,Wipro,2,6.98,110,Low Match
R159,Kavya Reddy,6,B.Tech IT,J004,Python Developer,HCL,1,0.0,199,Low Match
R159,Kavya Reddy,6,B.Tech IT,J005,Data Science Intern,Deloitte,0,4.23,140,Low Match
R160,Rohit Joshi,6,B.Tech CSE,J001,Data Analyst,TCS,2,15.82,45,Low Match
R160,Rohit Joshi,6,B.Tech CSE,J002,ML Engineer,Infosys,3,14.52,56,Low Match
R160,Rohit Joshi,6,B.Tech CSE,J003,BI Developer,Wipro,2,7.28,101,Low Match
R160,Rohit Joshi,6,B.Tech CSE,J004,Python Developer,HCL,1,0.0,199,Low Match
R160,Rohit Joshi,6,B.Tech CSE,J005,Data Science Intern,Deloitte,0,4.4,135,Low Match
R161,Amit Sharma,5,B.Tech CSE,J001,Data Analyst,TCS,2,8.95,131,Low Match
R161,Amit Sharma,5,B.Tech CSE,J002,ML Engineer,Infosys,3,6.5,134,Low Match
R161,Amit Sharma,5,B.Tech CSE,J003,BI Developer,Wipro,2,10.2,59,Low Match
R161,Amit Sharma,5,B.Tech CSE,J004,Python Developer,HCL,1,6.32,91,Low Match
R161,Amit Sharma,5,B.Tech CSE,J005,Data Science Intern,Deloitte,0,1.47,165,Low Match
R162,Sunita Iyer,6,B.Sc CS,J001,Data Analyst,TCS,2,20.34,20,Partial Match
R162,Sunita Iyer,6,B.Sc CS,J002,ML Engineer,Infosys,3,10.79,100,Low Match
R162,Sunita Iyer,6,B.Sc CS,J003,BI Developer,Wipro,2,17.48,4,Low Match
R162,Sunita Iyer,6,B.Sc CS,J004,Python Developer,HCL,1,9.28,45,Low Match
R162,Sunita Iyer,6,B.Sc CS,J005,Data Science Intern,Deloitte,0,13.84,16,Low Match
R163,Sunita Iyer,1,B.Tech IT,J001,Data Analyst,TCS,2,6.52,161,Low Match
R163,Sunita Iyer,1,B.Tech IT,J002,ML Engineer,Infosys,3,0.25,205,Low Match
R163,Sunita Iyer,1,B.Tech IT,J003,BI Developer,Wipro,2,7.16,104,Low Match
R163,Sunita Iyer,1,B.Tech IT,J004,Python Developer,HCL,1,8.86,46,Low Match
R163,Sunita Iyer,1,B.Tech IT,J005,Data Science Intern,Deloitte,0,0.94,174,Low Match
R164,Amit Patel,6,B.Tech CSE,J001,Data Analyst,TCS,2,10.48,113,Low Match
R164,Amit Patel,6,B.Tech CSE,J002,ML Engineer,Infosys,3,3.84,167,Low Match
R164,Amit Patel,6,B.Tech CSE,J003,BI Developer,Wipro,2,11.95,37,Low Match
R164,Amit Patel,6,B.Tech CSE,J004,Python Developer,HCL,1,0.67,177,Low Match
R164,Amit Patel,6,B.Tech CSE,J005,Data Science Intern,Deloitte,0,7.24,100,Low Match
R165,Ravi Singh,0,B.Tech CSE,J001,Data Analyst,TCS,2,7.89,144,Low Match
R165,Ravi Singh,0,B.Tech CSE,J002,ML Engineer,Infosys,3,19.09,19,Low Match
R165,Ravi Singh,0,B.Tech CSE,J003,BI Developer,Wipro,2,6.86,113,Low Match
R165,Ravi Singh,0,B.Tech CSE,J004,Python Developer,HCL,1,5.7,113,Low Match
R165,Ravi Singh,0,B.Tech CSE,J005,Data Science Intern,Deloitte,0,9.78,56,Low Match
R166,Amit Joshi,0,B.Sc CS,J001,Data Analyst,TCS,2,6.81,155,Low Match
R166,Amit Joshi,0,B.Sc CS,J002,ML Engineer,Infosys,3,1.45,191,Low Match
R166,Amit Joshi,0,B.Sc CS,J003,BI Developer,Wipro,2,4.65,148,Low Match
R166,Amit Joshi,0,B.Sc CS,J004,Python Developer,HCL,1,1.79,150,Low Match
R166,Amit Joshi,0,B.Sc CS,J005,Data Science Intern,Deloitte,0,0.73,184,Low Match
R167,Vijay Sharma,5,B.Tech CSE,J001,Data Analyst,TCS,2,8.67,138,Low Match
R167,Vijay Sharma,5,B.Tech CSE,J002,ML Engineer,Infosys,3,0.21,209,Low Match
R167,Vijay Sharma,5,B.Tech CSE,J003,BI Developer,Wipro,2,9.87,76,Low Match
R167,Vijay Sharma,5,B.Tech CSE,J004,Python Developer,HCL,1,8.06,56,Low Match
R167,Vijay Sharma,5,B.Tech CSE,J005,Data Science Intern,Deloitte,0,1.43,167,Low Match
R168,Anita Singh,3,B.Tech CSE,J001,Data Analyst,TCS,2,14.7,57,Low Match
R168,Anita Singh,3,B.Tech CSE,J002,ML Engineer,Infosys,3,12.63,78,Low Match
R168,Anita Singh,3,B.Tech CSE,J003,BI Developer,Wipro,2,5.85,126,Low Match
R168,Anita Singh,3,B.Tech CSE,J004,Python Developer,HCL,1,1.04,168,Low Match
R168,Anita Singh,3,B.Tech CSE,J005,Data Science Intern,Deloitte,0,3.54,146,Low Match
R169,Pooja Nair,1,M.Tech,J001,Data Analyst,TCS,2,13.8,65,Low Match
R169,Pooja Nair,1,M.Tech,J002,ML Engineer,Infosys,3,2.27,188,Low Match
R169,Pooja Nair,1,M.Tech,J003,BI Developer,Wipro,2,9.99,70,Low Match
R169,Pooja Nair,1,M.Tech,J004,Python Developer,HCL,1,10.41,34,Low Match
R169,Pooja Nair,1,M.Tech,J005,Data Science Intern,Deloitte,0,7.74,90,Low Match
R170,Deepak Iyer,1,B.Tech IT,J001,Data Analyst,TCS,2,15.83,44,Low Match
R170,Deepak Iyer,1,B.Tech IT,J002,ML Engineer,Infosys,3,3.59,171,Low Match
R170,Deepak Iyer,1,B.Tech IT,J003,BI Developer,Wipro,2,9.21,83,Low Match
R170,Deepak Iyer,1,B.Tech IT,J004,Python Developer,HCL,1,5.94,105,Low Match
R170,Deepak Iyer,1,B.Tech IT,J005,Data Science Intern,Deloitte,0,8.55,78,Low Match
R171,Anita Patel,2,BCA,J001,Data Analyst,TCS,2,23.82,6,Partial Match
R171,Anita Patel,2,BCA,J002,ML Engineer,Infosys,3,13.02,76,Low Match
R171,Anita Patel,2,BCA,J003,BI Developer,Wipro,2,13.6,27,Low Match
R171,Anita Patel,2,BCA,J004,Python Developer,HCL,1,4.43,142,Low Match
R171,Anita Patel,2,BCA,J005,Data Science Intern,Deloitte,0,11.04,42,Low Match
R172,Rohit Verma,4,B.Sc CS,J001,Data Analyst,TCS,2,19.99,24,Low Match
R172,Rohit Verma,4,B.Sc CS,J002,ML Engineer,Infosys,3,2.81,179,Low Match
R172,Rohit Verma,4,B.Sc CS,J003,BI Developer,Wipro,2,16.03,9,Low Match
R172,Rohit Verma,4,B.Sc CS,J004,Python Developer,HCL,1,5.23,121,Low Match
R172,Rohit Verma,4,B.Sc CS,J005,Data Science Intern,Deloitte,0,9.99,51,Low Match
R173,Deepak Joshi,5,B.Sc CS,J001,Data Analyst,TCS,2,10.71,107,Low Match
R173,Deepak Joshi,5,B.Sc CS,J002,ML Engineer,Infosys,3,4.12,161,Low Match
R173,Deepak Joshi,5,B.Sc CS,J003,BI Developer,Wipro,2,10.23,57,Low Match
R173,Deepak Joshi,5,B.Sc CS,J004,Python Developer,HCL,1,7.87,58,Low Match
R173,Deepak Joshi,5,B.Sc CS,J005,Data Science Intern,Deloitte,0,6.2,117,Low Match
R174,Ravi Verma,5,M.Tech,J001,Data Analyst,TCS,2,6.26,164,Low Match
R174,Ravi Verma,5,M.Tech,J002,ML Engineer,Infosys,3,16.59,31,Low Match
R174,Ravi Verma,5,M.Tech,J003,BI Developer,Wipro,2,5.02,140,Low Match
R174,Ravi Verma,5,M.Tech,J004,Python Developer,HCL,1,5.52,116,Low Match
R174,Ravi Verma,5,M.Tech,J005,Data Science Intern,Deloitte,0,5.03,131,Low Match
R175,Vijay Joshi,1,BCA,J001,Data Analyst,TCS,2,13.13,74,Low Match
R175,Vijay Joshi,1,BCA,J002,ML Engineer,Infosys,3,4.81,152,Low Match
R175,Vijay Joshi,1,BCA,J003,BI Developer,Wipro,2,14.97,13,Low Match
R175,Vijay Joshi,1,BCA,J004,Python Developer,HCL,1,0.84,172,Low Match
R175,Vijay Joshi,1,BCA,J005,Data Science Intern,Deloitte,0,9.07,64,Low Match
R176,Anita Verma,1,B.Tech IT,J001,Data Analyst,TCS,2,7.69,147,Low Match
R176,Anita Verma,1,B.Tech IT,J002,ML Engineer,Infosys,3,5.58,147,Low Match
R176,Anita Verma,1,B.Tech IT,J003,BI Developer,Wipro,2,8.76,85,Low Match
R176,Anita Verma,1,B.Tech IT,J004,Python Developer,HCL,1,5.42,117,Low Match
R176,Anita Verma,1,B.Tech IT,J005,Data Science Intern,Deloitte,0,1.27,168,Low Match
R177,Anita Singh,2,BCA,J001,Data Analyst,TCS,2,7.93,142,Low Match
R177,Anita Singh,2,BCA,J002,ML Engineer,Infosys,3,17.37,27,Low Match
R177,Anita Singh,2,BCA,J003,BI Developer,Wipro,2,0.21,197,Low Match
R177,Anita Singh,2,BCA,J004,Python Developer,HCL,1,12.6,13,Low Match
R177,Anita Singh,2,BCA,J005,Data Science Intern,Deloitte,0,2.76,160,Low Match
R178,Deepak Joshi,5,M.Tech,J001,Data Analyst,TCS,2,12.8,82,Low Match
R178,Deepak Joshi,5,M.Tech,J002,ML Engineer,Infosys,3,3.03,178,Low Match
R178,Deepak Joshi,5,M.Tech,J003,BI Developer,Wipro,2,6.66,117,Low Match
R178,Deepak Joshi,5,M.Tech,J004,Python Developer,HCL,1,13.91,11,Low Match
R178,Deepak Joshi,5,M.Tech,J005,Data Science Intern,Deloitte,0,9.42,58,Low Match
R179,Sunita Joshi,0,M.Tech,J001,Data Analyst,TCS,2,20.13,22,Partial Match
R179,Sunita Joshi,0,M.Tech,J002,ML Engineer,Infosys,3,12.3,86,Low Match
R179,Sunita Joshi,0,M.Tech,J003,BI Developer,Wipro,2,9.88,74,Low Match
R179,Sunita Joshi,0,M.Tech,J004,Python Developer,HCL,1,3.95,147,Low Match
R179,Sunita Joshi,0,M.Tech,J005,Data Science Intern,Deloitte,0,10.08,50,Low Match
R180,Ravi Iyer,4,B.Sc CS,J001,Data Analyst,TCS,2,15.82,45,Low Match
R180,Ravi Iyer,4,B.Sc CS,J002,ML Engineer,Infosys,3,14.52,56,Low Match
R180,Ravi Iyer,4,B.Sc CS,J003,BI Developer,Wipro,2,7.28,101,Low Match
R180,Ravi Iyer,4,B.Sc CS,J004,Python Developer,HCL,1,0.0,199,Low Match
R180,Ravi Iyer,4,B.Sc CS,J005,Data Science Intern,Deloitte,0,4.4,135,Low Match
R181,Rohit Reddy,3,B.Tech IT,J001,Data Analyst,TCS,2,13.78,66,Low Match
R181,Rohit Reddy,3,B.Tech IT,J002,ML Engineer,Infosys,3,18.37,21,Low Match
R181,Rohit Reddy,3,B.Tech IT,J003,BI Developer,Wipro,2,9.97,71,Low Match
R181,Rohit Reddy,3,B.Tech IT,J004,Python Developer,HCL,1,8.77,48,Low Match
R181,Rohit Reddy,3,B.Tech IT,J005,Data Science Intern,Deloitte,0,12.23,31,Low Match
R182,Sunita Kumar,5,M.Tech,J001,Data Analyst,TCS,2,6.74,159,Low Match
R182,Sunita Kumar,5,M.Tech,J002,ML Engineer,Infosys,3,0.26,202,Low Match
R182,Sunita Kumar,5,M.Tech,J003,BI Developer,Wipro,2,7.41,99,Low Match
R182,Sunita Kumar,5,M.Tech,J004,Python Developer,HCL,1,0.0,199,Low Match
R182,Sunita Kumar,5,M.Tech,J005,Data Science Intern,Deloitte,0,0.98,172,Low Match
R183,Kavya Patel,1,M.Tech,J001,Data Analyst,TCS,2,17.61,29,Low Match
R183,Kavya Patel,1,M.Tech,J002,ML Engineer,Infosys,3,15.22,47,Low Match
R183,Kavya Patel,1,M.Tech,J003,BI Developer,Wipro,2,11.62,47,Low Match
R183,Kavya Patel,1,M.Tech,J004,Python Developer,HCL,1,0.65,178,Low Match
R183,Kavya Patel,1,M.Tech,J005,Data Science Intern,Deloitte,0,9.82,54,Low Match
R184,Sunita Sharma,5,B.Tech IT,J001,Data Analyst,TCS,2,8.5,139,Low Match
R184,Sunita Sharma,5,B.Tech IT,J002,ML Engineer,Infosys,3,18.37,21,Low Match
R184,Sunita Sharma,5,B.Tech IT,J003,BI Developer,Wipro,2,9.33,80,Low Match
R184,Sunita Sharma,5,B.Tech IT,J004,Python Developer,HCL,1,0.44,189,Low Match
R184,Sunita Sharma,5,B.Tech IT,J005,Data Science Intern,Deloitte,0,13.31,21,Low Match
R185,Manoj Patel,0,M.Tech,J001,Data Analyst,TCS,2,2.79,195,Low Match
R185,Manoj Patel,0,M.Tech,J002,ML Engineer,Infosys,3,14.96,50,Low Match
R185,Manoj Patel,0,M.Tech,J003,BI Developer,Wipro,2,0.23,192,Low Match
R185,Manoj Patel,0,M.Tech,J004,Python Developer,HCL,1,1.14,167,Low Match
R185,Manoj Patel,0,M.Tech,J005,Data Science Intern,Deloitte,0,5.6,124,Low Match
R186,Rohit Joshi,4,B.Sc CS,J001,Data Analyst,TCS,2,5.53,170,Low Match
R186,Rohit Joshi,4,B.Sc CS,J002,ML Engineer,Infosys,3,1.18,199,Low Match
R186,Rohit Joshi,4,B.Sc CS,J003,BI Developer,Wipro,2,3.77,165,Low Match
R186,Rohit Joshi,4,B.Sc CS,J004,Python Developer,HCL,1,1.45,157,Low Match
R186,Rohit Joshi,4,B.Sc CS,J005,Data Science Intern,Deloitte,0,0.59,195,Low Match
R187,Rohit Patel,5,B.Tech IT,J001,Data Analyst,TCS,2,15.15,55,Low Match
R187,Rohit Patel,5,B.Tech IT,J002,ML Engineer,Infosys,3,20.97,15,Partial Match
R187,Rohit Patel,5,B.Tech IT,J003,BI Developer,Wipro,2,11.68,45,Low Match
R187,Rohit Patel,5,B.Tech IT,J004,Python Developer,HCL,1,8.78,47,Low Match
R187,Rohit Patel,5,B.Tech IT,J005,Data Science Intern,Deloitte,0,16.84,8,Low Match
R188,Vijay Kumar,4,B.Tech IT,J001,Data Analyst,TCS,2,11.35,96,Low Match
R188,Vijay Kumar,4,B.Tech IT,J002,ML Engineer,Infosys,3,15.55,43,Low Match
R188,Vijay Kumar,4,B.Tech IT,J003,BI Developer,Wipro,2,5.22,136,Low Match
R188,Vijay Kumar,4,B.Tech IT,J004,Python Developer,HCL,1,4.82,132,Low Match
R188,Vijay Kumar,4,B.Tech IT,J005,Data Science Intern,Deloitte,0,3.16,152,Low Match
R189,Rohit Sharma,1,B.Tech CSE,J001,Data Analyst,TCS,2,12.73,85,Low Match
R189,Rohit Sharma,1,B.Tech CSE,J002,ML Engineer,Infosys,3,3.88,166,Low Match
R189,Rohit Sharma,1,B.Tech CSE,J003,BI Developer,Wipro,2,14.42,22,Low Match
R189,Rohit Sharma,1,B.Tech CSE,J004,Python Developer,HCL,1,0.4,192,Low Match
R189,Rohit Sharma,1,B.Tech CSE,J005,Data Science Intern,Deloitte,0,7.7,91,Low Match
R190,Ravi Singh,5,M.Tech,J001,Data Analyst,TCS,2,14.7,57,Low Match
R190,Ravi Singh,5,M.Tech,J002,ML Engineer,Infosys,3,12.63,78,Low Match
R190,Ravi Singh,5,M.Tech,J003,BI Developer,Wipro,2,5.85,126,Low Match
R190,Ravi Singh,5,M.Tech,J004,Python Developer,HCL,1,1.04,168,Low Match
R190,Ravi Singh,5,M.Tech,J005,Data Science Intern,Deloitte,0,3.54,146,Low Match
R191,Rohit Verma,0,B.Sc CS,J001,Data Analyst,TCS,2,22.71,8,Partial Match
R191,Rohit Verma,0,B.Sc CS,J002,ML Engineer,Infosys,3,6.15,142,Low Match
R191,Rohit Verma,0,B.Sc CS,J003,BI Developer,Wipro,2,14.7,18,Low Match
R191,Rohit Verma,0,B.Sc CS,J004,Python Developer,HCL,1,5.22,123,Low Match
R191,Rohit Verma,0,B.Sc CS,J005,Data Science Intern,Deloitte,0,12.8,26,Low Match
R192,Sunita Sharma,6,M.Tech,J001,Data Analyst,TCS,2,7.63,148,Low Match
R192,Sunita Sharma,6,M.Tech,J002,ML Engineer,Infosys,3,5.54,148,Low Match
R192,Sunita Sharma,6,M.Tech,J003,BI Developer,Wipro,2,8.69,86,Low Match
R192,Sunita Sharma,6,M.Tech,J004,Python Developer,HCL,1,12.12,17,Low Match
R192,Sunita Sharma,6,M.Tech,J005,Data Science Intern,Deloitte,0,1.26,169,Low Match
R193,Manoj Joshi,6,B.Sc CS,J001,Data Analyst,TCS,2,10.92,102,Low Match
R193,Manoj Joshi,6,B.Sc CS,J002,ML Engineer,Infosys,3,21.37,13,Partial Match
R193,Manoj Joshi,6,B.Sc CS,J003,BI Developer,Wipro,2,3.15,173,Low Match
R193,Manoj Joshi,6,B.Sc CS,J004,Python Developer,HCL,1,1.21,163,Low Match
R193,Manoj Joshi,6,B.Sc CS,J005,Data Science Intern,Deloitte,0,7.19,103,Low Match
R194,Sunita Iyer,0,M.Tech,J001,Data Analyst,TCS,2,14.97,56,Low Match
R194,Sunita Iyer,0,M.Tech,J002,ML Engineer,Infosys,3,4.11,163,Low Match
R194,Sunita Iyer,0,M.Tech,J003,BI Developer,Wipro,2,6.59,119,Low Match
R194,Sunita Iyer,0,M.Tech,J004,Python Developer,HCL,1,6.49,85,Low Match
R194,Sunita Iyer,0,M.Tech,J005,Data Science Intern,Deloitte,0,9.31,60,Low Match
R195,Ravi Sharma,6,BCA,J001,Data Analyst,TCS,2,21.01,17,Partial Match
R195,Ravi Sharma,6,BCA,J002,ML Engineer,Infosys,3,14.79,54,Low Match
R195,Ravi Sharma,6,BCA,J003,BI Developer,Wipro,2,11.4,52,Low Match
R195,Ravi Sharma,6,BCA,J004,Python Developer,HCL,1,10.12,36,Low Match
R195,Ravi Sharma,6,BCA,J005,Data Science Intern,Deloitte,0,14.47,14,Low Match
R196,Anita Nair,5,B.Tech IT,J001,Data Analyst,TCS,2,10.68,109,Low Match
R196,Anita Nair,5,B.Tech IT,J002,ML Engineer,Infosys,3,4.11,163,Low Match
R196,Anita Nair,5,B.Tech IT,J003,BI Developer,Wipro,2,10.2,59,Low Match
R196,Anita Nair,5,B.Tech IT,J004,Python Developer,HCL,1,7.85,60,Low Match
R196,Anita Nair,5,B.Tech IT,J005,Data Science Intern,Deloitte,0,6.18,119,Low Match
R197,Anita Reddy,1,M.Tech,J001,Data Analyst,TCS,2,13.36,71,Low Match
R197,Anita Reddy,1,M.Tech,J002,ML Engineer,Infosys,3,14.38,61,Low Match
R197,Anita Reddy,1,M.Tech,J003,BI Developer,Wipro,2,4.56,155,Low Match
R197,Anita Reddy,1,M.Tech,J004,Python Developer,HCL,1,0.47,186,Low Match
R197,Anita Reddy,1,M.Tech,J005,Data Science Intern,Deloitte,0,4.12,143,Low Match
R198,Deepak Verma,1,B.Tech IT,J001,Data Analyst,TCS,2,8.91,134,Low Match
R198,Deepak Verma,1,B.Tech IT,J002,ML Engineer,Infosys,3,6.47,135,Low Match
R198,Deepak Verma,1,B.Tech IT,J003,BI Developer,Wipro,2,10.15,64,Low Match
R198,Deepak Verma,1,B.Tech IT,J004,Python Developer,HCL,1,6.28,92,Low Match
R198,Deepak Verma,1,B.Tech IT,J005,Data Science Intern,Deloitte,0,1.47,165,Low Match
R199,Amit Joshi,0,B.Sc CS,J001,Data Analyst,TCS,2,12.79,83,Low Match
R199,Amit Joshi,0,B.Sc CS,J002,ML Engineer,Infosys,3,4.69,157,Low Match
R199,Amit Joshi,0,B.Sc CS,J003,BI Developer,Wipro,2,14.58,20,Low Match
R199,Amit Joshi,0,B.Sc CS,J004,Python Developer,HCL,1,0.82,176,Low Match
R199,Amit Joshi,0,B.Sc CS,J005,Data Science Intern,Deloitte,0,8.84,71,Low Match
R200,Manoj Reddy,3,M.Tech,J001,Data Analyst,TCS,2,4.81,175,Low Match
R200,Manoj Reddy,3,M.Tech,J002,ML Engineer,Infosys,3,5.38,150,Low Match
R200,Manoj Reddy,3,M.Tech,J003,BI Developer,Wipro,2,5.29,134,Low Match
R200,Manoj Reddy,3,M.Tech,J004,Python Developer,HCL,1,11.43,22,Low Match
R200,Manoj Reddy,3,M.Tech,J005,Data Science Intern,Deloitte,0,0.7,189,Low Match
R201,Pooja Reddy,3,BCA,J001,Data Analyst,TCS,2,15.82,45,Low Match
R201,Pooja Reddy,3,BCA,J002,ML Engineer,Infosys,3,14.52,56,Low Match
R201,Pooja Reddy,3,BCA,J003,BI Developer,Wipro,2,7.28,101,Low Match
R201,Pooja Reddy,3,BCA,J004,Python Developer,HCL,1,0.0,199,Low Match
R201,Pooja Reddy,3,BCA,J005,Data Science Intern,Deloitte,0,4.4,135,Low Match
R202,Manoj Singh,4,B.Tech IT,J001,Data Analyst,TCS,2,21.11,13,Partial Match
R202,Manoj Singh,4,B.Tech IT,J002,ML Engineer,Infosys,3,16.26,35,Low Match
R202,Manoj Singh,4,B.Tech IT,J003,BI Developer,Wipro,2,6.53,120,Low Match
R202,Manoj Singh,4,B.Tech IT,J004,Python Developer,HCL,1,5.23,121,Low Match
R202,Manoj Singh,4,B.Tech IT,J005,Data Science Intern,Deloitte,0,12.43,29,Low Match
R203,Anita Reddy,5,B.Tech IT,J001,Data Analyst,TCS,2,19.85,25,Low Match
R203,Anita Reddy,5,B.Tech IT,J002,ML Engineer,Infosys,3,15.36,45,Low Match
R203,Anita Reddy,5,B.Tech IT,J003,BI Developer,Wipro,2,14.01,25,Low Match
R203,Anita Reddy,5,B.Tech IT,J004,Python Developer,HCL,1,0.39,193,Low Match
R203,Anita Reddy,5,B.Tech IT,J005,Data Science Intern,Deloitte,0,10.28,48,Low Match
R204,Pooja Singh,3,B.Sc CS,J001,Data Analyst,TCS,2,12.17,92,Low Match
R204,Pooja Singh,3,B.Sc CS,J002,ML Engineer,Infosys,3,16.07,39,Low Match
R204,Pooja Singh,3,B.Sc CS,J003,BI Developer,Wipro,2,13.77,26,Low Match
R204,Pooja Singh,3,B.Sc CS,J004,Python Developer,HCL,1,0.38,194,Low Match
R204,Pooja Singh,3,B.Sc CS,J005,Data Science Intern,Deloitte,0,12.41,30,Low Match
R205,Manoj Kumar,5,BCA,J001,Data Analyst,TCS,2,6.42,162,Low Match
R205,Manoj Kumar,5,BCA,J002,ML Engineer,Infosys,3,0.24,207,Low Match
R205,Manoj Kumar,5,BCA,J003,BI Developer,Wipro,2,7.06,107,Low Match
R205,Manoj Kumar,5,BCA,J004,Python Developer,HCL,1,8.74,49,Low Match
R205,Manoj Kumar,5,BCA,J005,Data Science Intern,Deloitte,0,0.93,177,Low Match
R206,Deepak Joshi,1,B.Tech IT,J001,Data Analyst,TCS,2,12.66,87,Low Match
R206,Deepak Joshi,1,B.Tech IT,J002,ML Engineer,Infosys,3,12.47,82,Low Match
R206,Deepak Joshi,1,B.Tech IT,J003,BI Developer,Wipro,2,3.65,166,Low Match
R206,Deepak Joshi,1,B.Tech IT,J004,Python Developer,HCL,1,1.41,158,Low Match
R206,Deepak Joshi,1,B.Tech IT,J005,Data Science Intern,Deloitte,0,3.3,150,Low Match
R207,Sunita Patel,0,BCA,J001,Data Analyst,TCS,2,20.04,23,Partial Match
R207,Sunita Patel,0,BCA,J002,ML Engineer,Infosys,3,3.3,174,Low Match
R207,Sunita Patel,0,BCA,J003,BI Developer,Wipro,2,14.5,21,Low Match
R207,Sunita Patel,0,BCA,J004,Python Developer,HCL,1,5.8,108,Low Match
R207,Sunita Patel,0,BCA,J005,Data Science Intern,Deloitte,0,11.23,38,Low Match
R208,Kavya Nair,3,BCA,J001,Data Analyst,TCS,2,17.44,32,Low Match
R208,Kavya Nair,3,BCA,J002,ML Engineer,Infosys,3,3.31,172,Low Match
R208,Kavya Nair,3,BCA,J003,BI Developer,Wipro,2,11.63,46,Low Match
R208,Kavya Nair,3,BCA,J004,Python Developer,HCL,1,6.17,95,Low Match
R208,Kavya Nair,3,BCA,J005,Data Science Intern,Deloitte,0,10.79,44,Low Match
R209,Sunita Iyer,3,B.Sc CS,J001,Data Analyst,TCS,2,9.07,126,Low Match
R209,Sunita Iyer,3,B.Sc CS,J002,ML Engineer,Infosys,3,13.3,72,Low Match
R209,Sunita Iyer,3,B.Sc CS,J003,BI Developer,Wipro,2,0.24,182,Low Match
R209,Sunita Iyer,3,B.Sc CS,J004,Python Developer,HCL,1,8.26,52,Low Match
R209,Sunita Iyer,3,B.Sc CS,J005,Data Science Intern,Deloitte,0,3.15,153,Low Match
R210,Kavya Reddy,6,B.Tech IT,J001,Data Analyst,TCS,2,10.58,111,Low Match
R210,Kavya Reddy,6,B.Tech IT,J002,ML Engineer,Infosys,3,23.55,8,Partial Match
R210,Kavya Reddy,6,B.Tech IT,J003,BI Developer,Wipro,2,3.61,168,Low Match
R210,Kavya Reddy,6,B.Tech IT,J004,Python Developer,HCL,1,0.38,194,Low Match
R210,Kavya Reddy,6,B.Tech IT,J005,Data Science Intern,Deloitte,0,8.24,80,Low Match
