resume_id,candidate_name,email,experience_years,education,resume_text
R001,Arjun Sharma,arjun@gmail.com,3,B.Tech Computer Science,"Python developer with 3 years experience. Skilled in Python, Pandas, NumPy, Machine Learning, scikit-learn, SQL, MySQL. Built data pipelines and dashboards using Power BI and Tableau. Experience with ETL workflows, data cleaning, and visualization. Worked on NLP projects using TF-IDF and cosine similarity. Strong knowledge of Data Structures, Algorithms, OOP. Familiar with AWS S3, Git, GitHub, REST APIs."
R002,Priya Reddy,priya@gmail.com,2,B.Tech Information Technology,"Data analyst with expertise in SQL, Excel, and Power BI. Proficient in Python Pandas for data manipulation and cleaning. Experience in creating dashboards and KPI reports. Knowledge of MySQL database design and query optimization. Worked with ETL pipelines and data transformation. Basic machine learning with scikit-learn. Certifications in Data Analytics from Coursera."
R003,Rahul Verma,rahul@gmail.com,1,BCA,Fresher with knowledge of Java and Python basics. Completed projects in HTML CSS JavaScript web development. Basic SQL queries and database management. Knowledge of OOP concepts and data structures. Completed Python certification from Cisco. Interested in software development and web applications.
R004,Sneha Patel,sneha@gmail.com,4,M.Tech Data Science,Senior data scientist with 4 years experience in machine learning and NLP. Expert in Python scikit-learn TensorFlow deep learning neural networks. Advanced SQL query optimization MySQL PostgreSQL database design. Built NLP models using TF-IDF Word2Vec BERT for text classification. Power BI Tableau dashboard development and data visualization. AWS GCP cloud platforms S3 BigQuery data engineering ETL pipelines.
R005,Karthik Nair,karthik@gmail.com,2,B.Tech ECE,Python programmer with focus on automation and scripting. Data analysis using Pandas NumPy Matplotlib Seaborn visualization. SQL MySQL basic database queries joins group by. Machine learning basics logistic regression random forest. Git GitHub version control collaborative projects. REST API integration JSON data processing.
R006,Divya Menon,divya@gmail.com,3,B.Tech Computer Science,Full stack developer Python Django REST API backend. JavaScript React frontend web development HTML CSS. MySQL PostgreSQL database design normalization. Docker AWS deployment cloud infrastructure. Git version control agile scrum methodology. Basic data analysis Pandas Excel reporting.
R007,Aditya Kumar,aditya@gmail.com,5,MBA + B.Tech,Business analyst with strong SQL and Excel skills. Power BI Tableau advanced dashboard creation DAX measures. Data cleaning transformation ETL pipeline design. Python Pandas data manipulation statistical analysis. MySQL database queries optimization reporting. Stakeholder communication requirements gathering agile methodology.
R008,Meera Iyer,meera@gmail.com,1,B.Sc Statistics,Statistics graduate with Python R programming skills. Pandas NumPy data analysis statistical modeling. Machine learning scikit-learn classification regression clustering. Data visualization Matplotlib Seaborn ggplot. SQL basic queries data extraction MySQL. Excel pivot tables VLOOKUP statistical functions.
R009,Suresh Babu,suresh@gmail.com,0,B.Tech CSE Final Year,Computer science student with academic projects in Python. Basic Java programming OOP concepts. HTML CSS web design fundamentals. Participated in coding competitions LeetCode HackerRank. Knowledge of DBMS operating systems computer networks. Completed internship in web development.
R010,Lakshmi Devi,lakshmi@gmail.com,6,M.Tech Computer Science,Senior ML engineer Python TensorFlow PyTorch deep learning. NLP expert BERT GPT transformer models text classification NER. TF-IDF vectorization cosine similarity information retrieval. SQL MySQL PostgreSQL advanced database design indexing optimization. AWS SageMaker model deployment MLOps pipeline automation. Power BI dashboards KPI reporting business intelligence.
R011,Sunita Verma,candidate11@email.com,4,BCA,Professional with 4 years experience. Skills: Java Spring Boot REST API backend development Excel VLOOKUP pivot tables reporting analytics Python Pandas NumPy SQL MySQL data analysis Git GitHub version control agile scrum methodology. Strong analytical problem solving communication skills.
R012,Vijay Reddy,candidate12@email.com,1,M.Tech,Professional with 1 years experience. Skills: Excel VLOOKUP pivot tables reporting analytics Power BI Tableau data visualization dashboard KPI Git GitHub version control agile scrum methodology. Strong analytical problem solving communication skills.
R013,Kavya Singh,candidate13@email.com,2,M.Tech,Professional with 2 years experience. Skills: Machine Learning scikit-learn TensorFlow deep learning ETL pipeline data cleaning transformation processing JavaScript React Node.js HTML CSS frontend Git GitHub version control agile scrum methodology. Strong analytical problem solving communication skills.
R014,Kavya Patel,candidate14@email.com,1,B.Sc CS,Professional with 1 years experience. Skills: Python Pandas NumPy SQL MySQL data analysis ETL pipeline data cleaning transformation processing. Strong analytical problem solving communication skills.
R015,Manoj Sharma,candidate15@email.com,5,B.Tech IT,Professional with 5 years experience. Skills: Power BI Tableau data visualization dashboard KPI Python Pandas NumPy SQL MySQL data analysis. Strong analytical problem solving communication skills.
R016,Deepak Kumar,candidate16@email.com,1,M.Tech,Professional with 1 years experience. Skills: Power BI Tableau data visualization dashboard KPI Git GitHub version control agile scrum methodology JavaScript React Node.js HTML CSS frontend. Strong analytical problem solving communication skills.
R017,Rohit Reddy,candidate17@email.com,1,BCA,Professional with 1 years experience. Skills: Machine Learning scikit-learn TensorFlow deep learning JavaScript React Node.js HTML CSS frontend. Strong analytical problem solving communication skills.
R018,Amit Iyer,candidate18@email.com,2,B.Sc CS,Professional with 2 years experience. Skills: ETL pipeline data cleaning transformation processing Git GitHub version control agile scrum methodology Power BI Tableau data visualization dashboard KPI Java Spring Boot REST API backend development. Strong analytical problem solving communication skills.
R019,Rohit Singh,candidate19@email.com,6,M.Tech,Professional with 6 years experience. Skills: Machine Learning scikit-learn TensorFlow deep learning NLP TF-IDF text processing NLTK cosine similarity Python Pandas NumPy SQL MySQL data analysis Git GitHub version control agile scrum methodology. Strong analytical problem solving communication skills.
R020,Pooja Singh,candidate20@email.com,4,B.Tech CSE,Professional with 4 years experience. Skills: JavaScript React Node.js HTML CSS frontend AWS GCP cloud computing S3 BigQuery deployment Git GitHub version control agile scrum methodology. Strong analytical problem solving communication skills.
R021,Ravi Verma,candidate21@email.com,5,BCA,Professional with 5 years experience. Skills: ETL pipeline data cleaning transformation processing Machine Learning scikit-learn TensorFlow deep learning. Strong analytical problem solving communication skills.
R022,Pooja Nair,candidate22@email.com,3,BCA,Professional with 3 years experience. Skills: Python Pandas NumPy SQL MySQL data analysis Power BI Tableau data visualization dashboard KPI Machine Learning scikit-learn TensorFlow deep learning. Strong analytical problem solving communication skills.
R023,Deepak Patel,candidate23@email.com,3,BCA,Professional with 3 years experience. Skills: Machine Learning scikit-learn TensorFlow deep learning ETL pipeline data cleaning transformation processing. Strong analytical problem solving communication skills.
R024,Sunita Nair,candidate24@email.com,2,B.Tech CSE,Professional with 2 years experience. Skills: Excel VLOOKUP pivot tables reporting analytics ETL pipeline data cleaning transformation processing. Strong analytical problem solving communication skills.
R025,Amit Rao,candidate25@email.com,3,B.Tech CSE,Professional with 3 years experience. Skills: Git GitHub version control agile scrum methodology AWS GCP cloud computing S3 BigQuery deployment ETL pipeline data cleaning transformation processing. Strong analytical problem solving communication skills.
R026,Rohit Kumar,candidate26@email.com,3,B.Sc CS,Professional with 3 years experience. Skills: Git GitHub version control agile scrum methodology ETL pipeline data cleaning transformation processing Java Spring Boot REST API backend development. Strong analytical problem solving communication skills.
R027,Deepak Nair,candidate27@email.com,6,BCA,Professional with 6 years experience. Skills: Git GitHub version control agile scrum methodology Power BI Tableau data visualization dashboard KPI Excel VLOOKUP pivot tables reporting analytics Machine Learning scikit-learn TensorFlow deep learning. Strong analytical problem solving communication skills.
R028,Amit Joshi,candidate28@email.com,3,BCA,Professional with 3 years experience. Skills: JavaScript React Node.js HTML CSS frontend Python Pandas NumPy SQL MySQL data analysis Machine Learning scikit-learn TensorFlow deep learning Excel VLOOKUP pivot tables reporting analytics. Strong analytical problem solving communication skills.
R029,Ravi Patel,candidate29@email.com,3,B.Tech IT,Professional with 3 years experience. Skills: ETL pipeline data cleaning transformation processing Java Spring Boot REST API backend development. Strong analytical problem solving communication skills.
R030,Sunita Rao,candidate30@email.com,2,M.Tech,Professional with 2 years experience. Skills: NLP TF-IDF text processing NLTK cosine similarity Power BI Tableau data visualization dashboard KPI JavaScript React Node.js HTML CSS frontend ETL pipeline data cleaning transformation processing. Strong analytical problem solving communication skills.
R031,Anita Patel,candidate31@email.com,0,B.Sc CS,Professional with 0 years experience. Skills: Machine Learning scikit-learn TensorFlow deep learning JavaScript React Node.js HTML CSS frontend. Strong analytical problem solving communication skills.
R032,Vijay Iyer,candidate32@email.com,3,B.Tech IT,Professional with 3 years experience. Skills: NLP TF-IDF text processing NLTK cosine similarity AWS GCP cloud computing S3 BigQuery deployment ETL pipeline data cleaning transformation processing. Strong analytical problem solving communication skills.
R033,Vijay Sharma,candidate33@email.com,4,B.Tech CSE,Professional with 4 years experience. Skills: Machine Learning scikit-learn TensorFlow deep learning NLP TF-IDF text processing NLTK cosine similarity. Strong analytical problem solving communication skills.
R034,Amit Sharma,candidate34@email.com,5,B.Tech CSE,Professional with 5 years experience. Skills: Java Spring Boot REST API backend development Python Pandas NumPy SQL MySQL data analysis Machine Learning scikit-learn TensorFlow deep learning NLP TF-IDF text processing NLTK cosine similarity. Strong analytical problem solving communication skills.
R035,Amit Reddy,candidate35@email.com,3,M.Tech,Professional with 3 years experience. Skills: AWS GCP cloud computing S3 BigQuery deployment ETL pipeline data cleaning transformation processing. Strong analytical problem solving communication skills.
R036,Vijay Sharma,candidate36@email.com,3,B.Tech CSE,Professional with 3 years experience. Skills: NLP TF-IDF text processing NLTK cosine similarity Machine Learning scikit-learn TensorFlow deep learning. Strong analytical problem solving communication skills.
R037,Ravi Reddy,candidate37@email.com,6,B.Tech IT,Professional with 6 years experience. Skills: AWS GCP cloud computing S3 BigQuery deployment Java Spring Boot REST API backend development. Strong analytical problem solving communication skills.
R038,Vijay Patel,candidate38@email.com,1,M.Tech,Professional with 1 years experience. Skills: JavaScript React Node.js HTML CSS frontend Java Spring Boot REST API backend development AWS GCP cloud computing S3 BigQuery deployment Power BI Tableau data visualization dashboard KPI. Strong analytical problem solving communication skills.
R039,Deepak Patel,candidate39@email.com,1,M.Tech,Professional with 1 years experience. Skills: ETL pipeline data cleaning transformation processing NLP TF-IDF text processing NLTK cosine similarity Python Pandas NumPy SQL MySQL data analysis Power BI Tableau data visualization dashboard KPI. Strong analytical problem solving communication skills.
R040,Ravi Singh,candidate40@email.com,5,BCA,Professional with 5 years experience. Skills: JavaScript React Node.js HTML CSS frontend Python Pandas NumPy SQL MySQL data analysis Excel VLOOKUP pivot tables reporting analytics. Strong analytical problem solving communication skills.
R041,Kavya Rao,candidate41@email.com,6,M.Tech,Professional with 6 years experience. Skills: Git GitHub version control agile scrum methodology JavaScript React Node.js HTML CSS frontend AWS GCP cloud computing S3 BigQuery deployment. Strong analytical problem solving communication skills.
R042,Anita Patel,candidate42@email.com,3,BCA,Professional with 3 years experience. Skills: Python Pandas NumPy SQL MySQL data analysis Git GitHub version control agile scrum methodology ETL pipeline data cleaning transformation processing. Strong analytical problem solving communication skills.
R043,Amit Iyer,candidate43@email.com,6,B.Tech CSE,Professional with 6 years experience. Skills: Java Spring Boot REST API backend development Python Pandas NumPy SQL MySQL data analysis Power BI Tableau data visualization dashboard KPI ETL pipeline data cleaning transformation processing. Strong analytical problem solving communication skills.
R044,Anita Singh,candidate44@email.com,1,B.Tech CSE,Professional with 1 years experience. Skills: Git GitHub version control agile scrum methodology Power BI Tableau data visualization dashboard KPI JavaScript React Node.js HTML CSS frontend. Strong analytical problem solving communication skills.
R045,Sunita Reddy,candidate45@email.com,5,B.Sc CS,Professional with 5 years experience. Skills: AWS GCP cloud computing S3 BigQuery deployment ETL pipeline data cleaning transformation processing. Strong analytical problem solving communication skills.
R046,Anita Singh,candidate46@email.com,5,M.Tech,Professional with 5 years experience. Skills: AWS GCP cloud computing S3 BigQuery deployment ETL pipeline data cleaning transformation processing Python Pandas NumPy SQL MySQL data analysis. Strong analytical problem solving communication skills.
R047,Sunita Rao,candidate47@email.com,1,B.Tech CSE,Professional with 1 years experience. Skills: Python Pandas NumPy SQL MySQL data analysis NLP TF-IDF text processing NLTK cosine similarity Excel VLOOKUP pivot tables reporting analytics. Strong analytical problem solving communication skills.
R048,Manoj Reddy,candidate48@email.com,4,B.Tech CSE,Professional with 4 years experience. Skills: Git GitHub version control agile scrum methodology JavaScript React Node.js HTML CSS frontend NLP TF-IDF text processing NLTK cosine similarity Excel VLOOKUP pivot tables reporting analytics. Strong analytical problem solving communication skills.
R049,Amit Sharma,candidate49@email.com,2,B.Tech IT,Professional with 2 years experience. Skills: ETL pipeline data cleaning transformation processing NLP TF-IDF text processing NLTK cosine similarity. Strong analytical problem solving communication skills.
R050,Pooja Kumar,candidate50@email.com,2,B.Tech CSE,Professional with 2 years experience. Skills: Power BI Tableau data visualization dashboard KPI Excel VLOOKUP pivot tables reporting analytics Java Spring Boot REST API backend development Git GitHub version control agile scrum methodology. Strong analytical problem solving communication skills.
R051,Sunita Verma,candidate51@email.com,1,B.Tech CSE,Professional with 1 years experience. Skills: Power BI Tableau data visualization dashboard KPI Git GitHub version control agile scrum methodology. Strong analytical problem solving communication skills.
R052,Manoj Sharma,candidate52@email.com,0,M.Tech,Professional with 0 years experience. Skills: Git GitHub version control agile scrum methodology Power BI Tableau data visualization dashboard KPI AWS GCP cloud computing S3 BigQuery deployment Excel VLOOKUP pivot tables reporting analytics. Strong analytical problem solving communication skills.
R053,Sunita Joshi,candidate53@email.com,2,B.Sc CS,Professional with 2 years experience. Skills: Machine Learning scikit-learn TensorFlow deep learning AWS GCP cloud computing S3 BigQuery deployment. Strong analytical problem solving communication skills.
R054,Kavya Sharma,candidate54@email.com,3,BCA,Professional with 3 years experience. Skills: Git GitHub version control agile scrum methodology Excel VLOOKUP pivot tables reporting analytics. Strong analytical problem solving communication skills.
R055,Anita Verma,candidate55@email.com,4,B.Tech IT,Professional with 4 years experience. Skills: Java Spring Boot REST API backend development Python Pandas NumPy SQL MySQL data analysis Excel VLOOKUP pivot tables reporting analytics Power BI Tableau data visualization dashboard KPI. Strong analytical problem solving communication skills.
R056,Anita Sharma,candidate56@email.com,6,M.Tech,Professional with 6 years experience. Skills: Power BI Tableau data visualization dashboard KPI ETL pipeline data cleaning transformation processing. Strong analytical problem solving communication skills.
R057,Manoj Rao,candidate57@email.com,0,B.Sc CS,Professional with 0 years experience. Skills: Git GitHub version control agile scrum methodology ETL pipeline data cleaning transformation processing Python Pandas NumPy SQL MySQL data analysis. Strong analytical problem solving communication skills.
R058,Amit Patel,candidate58@email.com,0,BCA,Professional with 0 years experience. Skills: AWS GCP cloud computing S3 BigQuery deployment Python Pandas NumPy SQL MySQL data analysis. Strong analytical problem solving communication skills.
R059,Deepak Rao,candidate59@email.com,2,B.Tech CSE,Professional with 2 years experience. Skills: NLP TF-IDF text processing NLTK cosine similarity Excel VLOOKUP pivot tables reporting analytics Python Pandas NumPy SQL MySQL data analysis JavaScript React Node.js HTML CSS frontend. Strong analytical problem solving communication skills.
R060,Sunita Singh,candidate60@email.com,2,M.Tech,Professional with 2 years experience. Skills: NLP TF-IDF text processing NLTK cosine similarity Power BI Tableau data visualization dashboard KPI. Strong analytical problem solving communication skills.
R061,Anita Nair,candidate61@email.com,4,B.Tech CSE,Professional with 4 years experience. Skills: ETL pipeline data cleaning transformation processing Excel VLOOKUP pivot tables reporting analytics NLP TF-IDF text processing NLTK cosine similarity Machine Learning scikit-learn TensorFlow deep learning. Strong analytical problem solving communication skills.
R062,Amit Reddy,candidate62@email.com,5,B.Sc CS,Professional with 5 years experience. Skills: AWS GCP cloud computing S3 BigQuery deployment Git GitHub version control agile scrum methodology JavaScript React Node.js HTML CSS frontend. Strong analytical problem solving communication skills.
R063,Anita Iyer,candidate63@email.com,1,B.Tech CSE,Professional with 1 years experience. Skills: ETL pipeline data cleaning transformation processing Git GitHub version control agile scrum methodology Power BI Tableau data visualization dashboard KPI. Strong analytical problem solving communication skills.
R064,Kavya Singh,candidate64@email.com,4,B.Tech IT,Professional with 4 years experience. Skills: Git GitHub version control agile scrum methodology NLP TF-IDF text processing NLTK cosine similarity. Strong analytical problem solving communication skills.
R065,Anita Patel,candidate65@email.com,0,B.Tech CSE,Professional with 0 years experience. Skills: JavaScript React Node.js HTML CSS frontend Java Spring Boot REST API backend development Git GitHub version control agile scrum methodology. Strong analytical problem solving communication skills.
R066,Vijay Singh,candidate66@email.com,4,B.Sc CS,Professional with 4 years experience. Skills: ETL pipeline data cleaning transformation processing Excel VLOOKUP pivot tables reporting analytics. Strong analytical problem solving communication skills.
R067,Amit Reddy,candidate67@email.com,6,BCA,Professional with 6 years experience. Skills: Java Spring Boot REST API backend development Git GitHub version control agile scrum methodology. Strong analytical problem solving communication skills.
R068,Amit Reddy,candidate68@email.com,5,B.Tech IT,Professional with 5 years experience. Skills: ETL pipeline data cleaning transformation processing Git GitHub version control agile scrum methodology. Strong analytical problem solving communication skills.
R069,Deepak Kumar,candidate69@email.com,5,BCA,Professional with 5 years experience. Skills: JavaScript React Node.js HTML CSS frontend Excel VLOOKUP pivot tables reporting analytics Git GitHub version control agile scrum methodology. Strong analytical problem solving communication skills.
R070,Kavya Singh,candidate70@email.com,6,B.Sc CS,Professional with 6 years experience. Skills: Python Pandas NumPy SQL MySQL data analysis Excel VLOOKUP pivot tables reporting analytics Java Spring Boot REST API backend development AWS GCP cloud computing S3 BigQuery deployment. Strong analytical problem solving communication skills.
R071,Rohit Nair,candidate71@email.com,1,B.Sc CS,Professional with 1 years experience. Skills: Git GitHub version control agile scrum methodology ETL pipeline data cleaning transformation processing JavaScript React Node.js HTML CSS frontend. Strong analytical problem solving communication skills.
R072,Sunita Rao,candidate72@email.com,2,M.Tech,Professional with 2 years experience. Skills: Power BI Tableau data visualization dashboard KPI ETL pipeline data cleaning transformation processing. Strong analytical problem solving communication skills.
R073,Rohit Sharma,candidate73@email.com,6,BCA,Professional with 6 years experience. Skills: Machine Learning scikit-learn TensorFlow deep learning ETL pipeline data cleaning transformation processing. Strong analytical problem solving communication skills.
R074,Rohit Rao,candidate74@email.com,2,B.Tech CSE,Professional with 2 years experience. Skills: Power BI Tableau data visualization dashboard KPI NLP TF-IDF text processing NLTK cosine similarity Python Pandas NumPy SQL MySQL data analysis ETL pipeline data cleaning transformation processing. Strong analytical problem solving communication skills.
R075,Anita Joshi,candidate75@email.com,3,B.Tech CSE,Professional with 3 years experience. Skills: AWS GCP cloud computing S3 BigQuery deployment Java Spring Boot REST API backend development NLP TF-IDF text processing NLTK cosine similarity. Strong analytical problem solving communication skills.
R076,Vijay Iyer,candidate76@email.com,5,B.Tech IT,Professional with 5 years experience. Skills: Machine Learning scikit-learn TensorFlow deep learning NLP TF-IDF text processing NLTK cosine similarity ETL pipeline data cleaning transformation processing Git GitHub version control agile scrum methodology. Strong analytical problem solving communication skills.
R077,Sunita Iyer,candidate77@email.com,1,B.Tech IT,Professional with 1 years experience. Skills: Java Spring Boot REST API backend development Machine Learning scikit-learn TensorFlow deep learning. Strong analytical problem solving communication skills.
R078,Vijay Sharma,candidate78@email.com,2,B.Tech IT,Professional with 2 years experience. Skills: Excel VLOOKUP pivot tables reporting analytics ETL pipeline data cleaning transformation processing Power BI Tableau data visualization dashboard KPI AWS GCP cloud computing S3 BigQuery deployment. Strong analytical problem solving communication skills.
R079,Kavya Singh,candidate79@email.com,4,B.Tech CSE,Professional with 4 years experience. Skills: AWS GCP cloud computing S3 BigQuery deployment NLP TF-IDF text processing NLTK cosine similarity. Strong analytical problem solving communication skills.
R080,Pooja Rao,candidate80@email.com,0,B.Tech CSE,Professional with 0 years experience. Skills: JavaScript React Node.js HTML CSS frontend Git GitHub version control agile scrum methodology. Strong analytical problem solving communication skills.
R081,Amit Reddy,candidate81@email.com,5,B.Tech CSE,Professional with 5 years experience. Skills: Python Pandas NumPy SQL MySQL data analysis JavaScript React Node.js HTML CSS frontend. Strong analytical problem solving communication skills.
R082,Sunita Sharma,candidate82@email.com,2,B.Tech CSE,Professional with 2 years experience. Skills: Python Pandas NumPy SQL MySQL data analysis Git GitHub version control agile scrum methodology Power BI Tableau data visualization dashboard KPI Excel VLOOKUP pivot tables reporting analytics. Strong analytical problem solving communication skills.
R083,Manoj Nair,candidate83@email.com,2,B.Tech IT,Professional with 2 years experience. Skills: JavaScript React Node.js HTML CSS frontend ETL pipeline data cleaning transformation processing Java Spring Boot REST API backend development. Strong analytical problem solving communication skills.
R084,Vijay Verma,candidate84@email.com,2,BCA,Professional with 2 years experience. Skills: Power BI Tableau data visualization dashboard KPI ETL pipeline data cleaning transformation processing. Strong analytical problem solving communication skills.
R085,Ravi Sharma,candidate85@email.com,0,B.Tech IT,Professional with 0 years experience. Skills: Power BI Tableau data visualization dashboard KPI NLP TF-IDF text processing NLTK cosine similarity Python Pandas NumPy SQL MySQL data analysis. Strong analytical problem solving communication skills.
R086,Ravi Singh,candidate86@email.com,6,M.Tech,Professional with 6 years experience. Skills: Java Spring Boot REST API backend development AWS GCP cloud computing S3 BigQuery deployment. Strong analytical problem solving communication skills.
R087,Rohit Reddy,candidate87@email.com,2,BCA,Professional with 2 years experience. Skills: AWS GCP cloud computing S3 BigQuery deployment Excel VLOOKUP pivot tables reporting analytics. Strong analytical problem solving communication skills.
R088,Kavya Reddy,candidate88@email.com,5,B.Sc CS,Professional with 5 years experience. Skills: Python Pandas NumPy SQL MySQL data analysis NLP TF-IDF text processing NLTK cosine similarity Java Spring Boot REST API backend development. Strong analytical problem solving communication skills.
R089,Kavya Rao,candidate89@email.com,0,B.Tech CSE,Professional with 0 years experience. Skills: Java Spring Boot REST API backend development Git GitHub version control agile scrum methodology Python Pandas NumPy SQL MySQL data analysis. Strong analytical problem solving communication skills.
R090,Kavya Singh,candidate90@email.com,0,BCA,Professional with 0 years experience. Skills: Excel VLOOKUP pivot tables reporting analytics Python Pandas NumPy SQL MySQL data analysis Java Spring Boot REST API backend development Git GitHub version control agile scrum methodology. Strong analytical problem solving communication skills.
R091,Manoj Rao,candidate91@email.com,3,B.Tech CSE,Professional with 3 years experience. Skills: AWS GCP cloud computing S3 BigQuery deployment JavaScript React Node.js HTML CSS frontend Machine Learning scikit-learn TensorFlow deep learning Excel VLOOKUP pivot tables reporting analytics. Strong analytical problem solving communication skills.
R092,Anita Patel,candidate92@email.com,0,M.Tech,Professional with 0 years experience. Skills: Git GitHub version control agile scrum methodology Excel VLOOKUP pivot tables reporting analytics Python Pandas NumPy SQL MySQL data analysis. Strong analytical problem solving communication skills.
R093,Ravi Iyer,candidate93@email.com,3,BCA,Professional with 3 years experience. Skills: Power BI Tableau data visualization dashboard KPI Excel VLOOKUP pivot tables reporting analytics Machine Learning scikit-learn TensorFlow deep learning Python Pandas NumPy SQL MySQL data analysis. Strong analytical problem solving communication skills.
R094,Pooja Verma,candidate94@email.com,3,B.Tech IT,Professional with 3 years experience. Skills: Python Pandas NumPy SQL MySQL data analysis Git GitHub version control agile scrum methodology AWS GCP cloud computing S3 BigQuery deployment. Strong analytical problem solving communication skills.
R095,Manoj Kumar,candidate95@email.com,0,B.Tech CSE,Professional with 0 years experience. Skills: Python Pandas NumPy SQL MySQL data analysis Machine Learning scikit-learn TensorFlow deep learning. Strong analytical problem solving communication skills.
R096,Deepak Joshi,candidate96@email.com,5,B.Sc CS,Professional with 5 years experience. Skills: Java Spring Boot REST API backend development NLP TF-IDF text processing NLTK cosine similarity Machine Learning scikit-learn TensorFlow deep learning Excel VLOOKUP pivot tables reporting analytics. Strong analytical problem solving communication skills.
R097,Vijay Patel,candidate97@email.com,0,B.Sc CS,Professional with 0 years experience. Skills: AWS GCP cloud computing S3 BigQuery deployment Machine Learning scikit-learn TensorFlow deep learning. Strong analytical problem solving communication skills.
R098,Kavya Reddy,candidate98@email.com,1,B.Tech IT,Professional with 1 years experience. Skills: Git GitHub version control agile scrum methodology AWS GCP cloud computing S3 BigQuery deployment. Strong analytical problem solving communication skills.
R099,Amit Sharma,candidate99@email.com,5,B.Tech IT,Professional with 5 years experience. Skills: Machine Learning scikit-learn TensorFlow deep learning Git GitHub version control agile scrum methodology. Strong analytical problem solving communication skills.
R100,Rohit Reddy,candidate100@email.com,0,B.Tech CSE,Professional with 0 years experience. Skills: JavaScript React Node.js HTML CSS frontend Machine Learning scikit-learn TensorFlow deep learning NLP TF-IDF text processing NLTK cosine similarity Power BI Tableau data visualization dashboard KPI. Strong analytical problem solving communication skills.
R101,Sunita Singh,candidate101@email.com,4,BCA,Professional with 4 years experience. Skills: Machine Learning scikit-learn TensorFlow deep learning Excel VLOOKUP pivot tables reporting analytics Java Spring Boot REST API backend development. Strong analytical problem solving communication skills.
R102,Rohit Singh,candidate102@email.com,5,B.Sc CS,Professional with 5 years experience. Skills: Power BI Tableau data visualization dashboard KPI AWS GCP cloud computing S3 BigQuery deployment NLP TF-IDF text processing NLTK cosine similarity JavaScript React Node.js HTML CSS frontend. Strong analytical problem solving communication skills.
R103,Amit Iyer,candidate103@email.com,4,B.Tech CSE,Professional with 4 years experience. Skills: Python Pandas NumPy SQL MySQL data analysis JavaScript React Node.js HTML CSS frontend Java Spring Boot REST API backend development ETL pipeline data cleaning transformation processing. Strong analytical problem solving communication skills.
R104,Sunita Patel,candidate104@email.com,3,B.Tech CSE,Professional with 3 years experience. Skills: Java Spring Boot REST API backend development Machine Learning scikit-learn TensorFlow deep learning Excel VLOOKUP pivot tables reporting analytics. Strong analytical problem solving communication skills.
R105,Anita Sharma,candidate105@email.com,2,M.Tech,Professional with 2 years experience. Skills: JavaScript React Node.js HTML CSS frontend Git GitHub version control agile scrum methodology. Strong analytical problem solving communication skills.
R106,Sunita Kumar,candidate106@email.com,6,B.Tech IT,Professional with 6 years experience. Skills: Java Spring Boot REST API backend development Machine Learning scikit-learn TensorFlow deep learning Git GitHub version control agile scrum methodology. Strong analytical problem solving communication skills.
R107,Rohit Singh,candidate107@email.com,6,B.Tech CSE,Professional with 6 years experience. Skills: AWS GCP cloud computing S3 BigQuery deployment Git GitHub version control agile scrum methodology. Strong analytical problem solving communication skills.
R108,Rohit Reddy,candidate108@email.com,3,B.Tech CSE,Professional with 3 years experience. Skills: NLP TF-IDF text processing NLTK cosine similarity AWS GCP cloud computing S3 BigQuery deployment JavaScript React Node.js HTML CSS frontend Git GitHub version control agile scrum methodology. Strong analytical problem solving communication skills.
R109,Rohit Sharma,candidate109@email.com,0,B.Sc CS,Professional with 0 years experience. Skills: Power BI Tableau data visualization dashboard KPI NLP TF-IDF text processing NLTK cosine similarity Java Spring Boot REST API backend development. Strong analytical problem solving communication skills.
R110,Deepak Rao,candidate110@email.com,4,B.Sc CS,Professional with 4 years experience. Skills: Git GitHub version control agile scrum methodology AWS GCP cloud computing S3 BigQuery deployment. Strong analytical problem solving communication skills.
R111,Kavya Nair,candidate111@email.com,1,BCA,Professional with 1 years experience. Skills: Power BI Tableau data visualization dashboard KPI Python Pandas NumPy SQL MySQL data analysis. Strong analytical problem solving communication skills.
R112,Kavya Nair,candidate112@email.com,2,B.Tech IT,Professional with 2 years experience. Skills: Power BI Tableau data visualization dashboard KPI Java Spring Boot REST API backend development ETL pipeline data cleaning transformation processing. Strong analytical problem solving communication skills.
R113,Rohit Nair,candidate113@email.com,2,BCA,Professional with 2 years experience. Skills: AWS GCP cloud computing S3 BigQuery deployment ETL pipeline data cleaning transformation processing. Strong analytical problem solving communication skills.
R114,Ravi Singh,candidate114@email.com,2,B.Sc CS,Professional with 2 years experience. Skills: Git GitHub version control agile scrum methodology NLP TF-IDF text processing NLTK cosine similarity Python Pandas NumPy SQL MySQL data analysis Java Spring Boot REST API backend development. Strong analytical problem solving communication skills.
R115,Ravi Sharma,candidate115@email.com,2,B.Tech CSE,Professional with 2 years experience. Skills: Power BI Tableau data visualization dashboard KPI ETL pipeline data cleaning transformation processing Java Spring Boot REST API backend development AWS GCP cloud computing S3 BigQuery deployment. Strong analytical problem solving communication skills.
R116,Amit Joshi,candidate116@email.com,4,B.Tech IT,Professional with 4 years experience. Skills: Java Spring Boot REST API backend development JavaScript React Node.js HTML CSS frontend ETL pipeline data cleaning transformation processing Python Pandas NumPy SQL MySQL data analysis. Strong analytical problem solving communication skills.
R117,Pooja Reddy,candidate117@email.com,3,M.Tech,Professional with 3 years experience. Skills: ETL pipeline data cleaning transformation processing JavaScript React Node.js HTML CSS frontend Power BI Tableau data visualization dashboard KPI AWS GCP cloud computing S3 BigQuery deployment. Strong analytical problem solving communication skills.
R118,Amit Patel,candidate118@email.com,4,B.Tech CSE,Professional with 4 years experience. Skills: Excel VLOOKUP pivot tables reporting analytics NLP TF-IDF text processing NLTK cosine similarity JavaScript React Node.js HTML CSS frontend. Strong analytical problem solving communication skills.
R119,Deepak Rao,candidate119@email.com,6,B.Tech IT,Professional with 6 years experience. Skills: Excel VLOOKUP pivot tables reporting analytics Java Spring Boot REST API backend development. Strong analytical problem solving communication skills.
R120,Sunita Kumar,candidate120@email.com,6,BCA,Professional with 6 years experience. Skills: Excel VLOOKUP pivot tables reporting analytics JavaScript React Node.js HTML CSS frontend Python Pandas NumPy SQL MySQL data analysis. Strong analytical problem solving communication skills.
R121,Rohit Sharma,candidate121@email.com,4,M.Tech,Professional with 4 years experience. Skills: Power BI Tableau data visualization dashboard KPI JavaScript React Node.js HTML CSS frontend Machine Learning scikit-learn TensorFlow deep learning ETL pipeline data cleaning transformation processing. Strong analytical problem solving communication skills.
R122,Rohit Singh,candidate122@email.com,4,B.Tech IT,Professional with 4 years experience. Skills: ETL pipeline data cleaning transformation processing Java Spring Boot REST API backend development Python Pandas NumPy SQL MySQL data analysis. Strong analytical problem solving communication skills.
R123,Pooja Patel,candidate123@email.com,5,B.Sc CS,Professional with 5 years experience. Skills: Power BI Tableau data visualization dashboard KPI Git GitHub version control agile scrum methodology. Strong analytical problem solving communication skills.
R124,Anita Singh,candidate124@email.com,5,B.Tech CSE,Professional with 5 years experience. Skills: Git GitHub version control agile scrum methodology Excel VLOOKUP pivot tables reporting analytics. Strong analytical problem solving communication skills.
R125,Anita Joshi,candidate125@email.com,6,BCA,Professional with 6 years experience. Skills: JavaScript React Node.js HTML CSS frontend ETL pipeline data cleaning transformation processing. Strong analytical problem solving communication skills.
R126,Vijay Patel,candidate126@email.com,6,M.Tech,Professional with 6 years experience. Skills: Git GitHub version control agile scrum methodology JavaScript React Node.js HTML CSS frontend Excel VLOOKUP pivot tables reporting analytics. Strong analytical problem solving communication skills.
R127,Pooja Rao,candidate127@email.com,2,B.Tech CSE,Professional with 2 years experience. Skills: ETL pipeline data cleaning transformation processing Java Spring Boot REST API backend development NLP TF-IDF text processing NLTK cosine similarity. Strong analytical problem solving communication skills.
R128,Kavya Sharma,candidate128@email.com,3,BCA,Professional with 3 years experience. Skills: JavaScript React Node.js HTML CSS frontend NLP TF-IDF text processing NLTK cosine similarity Git GitHub version control agile scrum methodology. Strong analytical problem solving communication skills.
R129,Vijay Iyer,candidate129@email.com,4,BCA,Professional with 4 years experience. Skills: AWS GCP cloud computing S3 BigQuery deployment NLP TF-IDF text processing NLTK cosine similarity Python Pandas NumPy SQL MySQL data analysis Power BI Tableau data visualization dashboard KPI. Strong analytical problem solving communication skills.
R130,Kavya Sharma,candidate130@email.com,0,B.Sc CS,Professional with 0 years experience. Skills: AWS GCP cloud computing S3 BigQuery deployment Java Spring Boot REST API backend development Machine Learning scikit-learn TensorFlow deep learning. Strong analytical problem solving communication skills.
R131,Vijay Iyer,candidate131@email.com,2,B.Tech CSE,Professional with 2 years experience. Skills: Git GitHub version control agile scrum methodology Power BI Tableau data visualization dashboard KPI. Strong analytical problem solving communication skills.
R132,Rohit Iyer,candidate132@email.com,4,BCA,Professional with 4 years experience. Skills: ETL pipeline data cleaning transformation processing NLP TF-IDF text processing NLTK cosine similarity Java Spring Boot REST API backend development. Strong analytical problem solving communication skills.
R133,Manoj Singh,candidate133@email.com,2,BCA,Professional with 2 years experience. Skills: ETL pipeline data cleaning transformation processing Python Pandas NumPy SQL MySQL data analysis AWS GCP cloud computing S3 BigQuery deployment NLP TF-IDF text processing NLTK cosine similarity. Strong analytical problem solving communication skills.
R134,Deepak Joshi,candidate134@email.com,2,M.Tech,Professional with 2 years experience. Skills: Power BI Tableau data visualization dashboard KPI Python Pandas NumPy SQL MySQL data analysis Git GitHub version control agile scrum methodology AWS GCP cloud computing S3 BigQuery deployment. Strong analytical problem solving communication skills.
R135,Sunita Kumar,candidate135@email.com,4,BCA,Professional with 4 years experience. Skills: ETL pipeline data cleaning transformation processing Power BI Tableau data visualization dashboard KPI AWS GCP cloud computing S3 BigQuery deployment. Strong analytical problem solving communication skills.
R136,Sunita Rao,candidate136@email.com,0,B.Tech CSE,Professional with 0 years experience. Skills: Python Pandas NumPy SQL MySQL data analysis Excel VLOOKUP pivot tables reporting analytics Power BI Tableau data visualization dashboard KPI. Strong analytical problem solving communication skills.
R137,Vijay Singh,candidate137@email.com,1,B.Sc CS,Professional with 1 years experience. Skills: Java Spring Boot REST API backend development Excel VLOOKUP pivot tables reporting analytics NLP TF-IDF text processing NLTK cosine similarity. Strong analytical problem solving communication skills.
R138,Ravi Sharma,candidate138@email.com,3,B.Tech IT,Professional with 3 years experience. Skills: Git GitHub version control agile scrum methodology Java Spring Boot REST API backend development. Strong analytical problem solving communication skills.
R139,Rohit Verma,candidate139@email.com,0,B.Sc CS,Professional with 0 years experience. Skills: Java Spring Boot REST API backend development Python Pandas NumPy SQL MySQL data analysis Machine Learning scikit-learn TensorFlow deep learning Power BI Tableau data visualization dashboard KPI. Strong analytical problem solving communication skills.
R140,Vijay Sharma,candidate140@email.com,0,M.Tech,Professional with 0 years experience. Skills: Excel VLOOKUP pivot tables reporting analytics Python Pandas NumPy SQL MySQL data analysis ETL pipeline data cleaning transformation processing. Strong analytical problem solving communication skills.
R141,Pooja Singh,candidate141@email.com,1,BCA,Professional with 1 years experience. Skills: ETL pipeline data cleaning transformation processing JavaScript React Node.js HTML CSS frontend Git GitHub version control agile scrum methodology. Strong analytical problem solving communication skills.
R142,Manoj Joshi,candidate142@email.com,0,M.Tech,Professional with 0 years experience. Skills: Excel VLOOKUP pivot tables reporting analytics Python Pandas NumPy SQL MySQL data analysis. Strong analytical problem solving communication skills.
R143,Anita Iyer,candidate143@email.com,3,B.Tech CSE,Professional with 3 years experience. Skills: Excel VLOOKUP pivot tables reporting analytics Git GitHub version control agile scrum methodology JavaScript React Node.js HTML CSS frontend. Strong analytical problem solving communication skills.
R144,Vijay Nair,candidate144@email.com,4,B.Tech IT,Professional with 4 years experience. Skills: NLP TF-IDF text processing NLTK cosine similarity Excel VLOOKUP pivot tables reporting analytics. Strong analytical problem solving communication skills.
R145,Vijay Joshi,candidate145@email.com,0,B.Sc CS,Professional with 0 years experience. Skills: NLP TF-IDF text processing NLTK cosine similarity Machine Learning scikit-learn TensorFlow deep learning Java Spring Boot REST API backend development. Strong analytical problem solving communication skills.
R146,Ravi Singh,candidate146@email.com,1,B.Sc CS,Professional with 1 years experience. Skills: Java Spring Boot REST API backend development Power BI Tableau data visualization dashboard KPI ETL pipeline data cleaning transformation processing. Strong analytical problem solving communication skills.
R147,Deepak Nair,candidate147@email.com,6,B.Sc CS,Professional with 6 years experience. Skills: Python Pandas NumPy SQL MySQL data analysis Java Spring Boot REST API backend development JavaScript React Node.js HTML CSS frontend. Strong analytical problem solving communication skills.
R148,Amit Iyer,candidate148@email.com,2,B.Sc CS,Professional with 2 years experience. Skills: JavaScript React Node.js HTML CSS frontend Excel VLOOKUP pivot tables reporting analytics. Strong analytical problem solving communication skills.
R149,Sunita Verma,candidate149@email.com,3,BCA,Professional with 3 years experience. Skills: JavaScript React Node.js HTML CSS frontend Git GitHub version control agile scrum methodology AWS GCP cloud computing S3 BigQuery deployment. Strong analytical problem solving communication skills.
R150,Rohit Nair,candidate150@email.com,3,M.Tech,Professional with 3 years experience. Skills: AWS GCP cloud computing S3 BigQuery deployment NLP TF-IDF text processing NLTK cosine similarity JavaScript React Node.js HTML CSS frontend Python Pandas NumPy SQL MySQL data analysis. Strong analytical problem solving communication skills.
R151,Sunita Sharma,candidate151@email.com,3,B.Tech IT,Professional with 3 years experience. Skills: NLP TF-IDF text processing NLTK cosine similarity Git GitHub version control agile scrum methodology Java Spring Boot REST API backend development. Strong analytical problem solving communication skills.
R152,Pooja Sharma,candidate152@email.com,4,B.Sc CS,Professional with 4 years experience. Skills: AWS GCP cloud computing S3 BigQuery deployment Excel VLOOKUP pivot tables reporting analytics. Strong analytical problem solving communication skills.
R153,Anita Verma,candidate153@email.com,3,B.Tech IT,Professional with 3 years experience. Skills: ETL pipeline data cleaning transformation processing JavaScript React Node.js HTML CSS frontend Git GitHub version control agile scrum methodology. Strong analytical problem solving communication skills.
R154,Ravi Kumar,candidate154@email.com,6,B.Sc CS,Professional with 6 years experience. Skills: JavaScript React Node.js HTML CSS frontend Python Pandas NumPy SQL MySQL data analysis Excel VLOOKUP pivot tables reporting analytics. Strong analytical problem solving communication skills.
R155,Pooja Kumar,candidate155@email.com,4,B.Tech IT,Professional with 4 years experience. Skills: Excel VLOOKUP pivot tables reporting analytics Git GitHub version control agile scrum methodology JavaScript React Node.js HTML CSS frontend NLP TF-IDF text processing NLTK cosine similarity. Strong analytical problem solving communication skills.
R156,Sunita Reddy,candidate156@email.com,4,B.Tech CSE,Professional with 4 years experience. Skills: Power BI Tableau data visualization dashboard KPI NLP TF-IDF text processing NLTK cosine similarity Machine Learning scikit-learn TensorFlow deep learning. Strong analytical problem solving communication skills.
R157,Kavya Joshi,candidate157@email.com,3,BCA,Professional with 3 years experience. Skills: Machine Learning scikit-learn TensorFlow deep learning Excel VLOOKUP pivot tables reporting analytics ETL pipeline data cleaning transformation processing. Strong analytical problem solving communication skills.
R158,Deepak Sharma,candidate158@email.com,5,B.Sc CS,Professional with 5 years experience. Skills: Machine Learning scikit-learn TensorFlow deep learning NLP TF-IDF text processing NLTK cosine similarity AWS GCP cloud computing S3 BigQuery deployment. Strong analytical problem solving communication skills.
R159,Kavya Reddy,candidate159@email.com,6,B.Tech IT,Professional with 6 years experience. Skills: Excel VLOOKUP pivot tables reporting analytics Machine Learning scikit-learn TensorFlow deep learning. Strong analytical problem solving communication skills.
R160,Rohit Joshi,candidate160@email.com,6,B.Tech CSE,Professional with 6 years experience. Skills: Machine Learning scikit-learn TensorFlow deep learning Excel VLOOKUP pivot tables reporting analytics. Strong analytical problem solving communication skills.
R161,Amit Sharma,candidate161@email.com,5,B.Tech CSE,Professional with 5 years experience. Skills: ETL pipeline data cleaning transformation processing Excel VLOOKUP pivot tables reporting analytics Git GitHub version control agile scrum methodology. Strong analytical problem solving communication skills.
R162,Sunita Iyer,candidate162@email.com,6,B.Sc CS,Professional with 6 years experience. Skills: Python Pandas NumPy SQL MySQL data analysis Power BI Tableau data visualization dashboard KPI Excel VLOOKUP pivot tables reporting analytics Git GitHub version control agile scrum methodology. Strong analytical problem solving communication skills.
R163,Sunita Iyer,candidate163@email.com,1,B.Tech IT,Professional with 1 years experience. Skills: Java Spring Boot REST API backend development Excel VLOOKUP pivot tables reporting analytics. Strong analytical problem solving communication skills.
R164,Amit Patel,candidate164@email.com,6,B.Tech CSE,Professional with 6 years experience. Skills: JavaScript React Node.js HTML CSS frontend ETL pipeline data cleaning transformation processing Power BI Tableau data visualization dashboard KPI. Strong analytical problem solving communication skills.
R165,Ravi Singh,candidate165@email.com,0,B.Tech CSE,Professional with 0 years experience. Skills: AWS GCP cloud computing S3 BigQuery deployment Power BI Tableau data visualization dashboard KPI Git GitHub version control agile scrum methodology NLP TF-IDF text processing NLTK cosine similarity. Strong analytical problem solving communication skills.
R166,Amit Joshi,candidate166@email.com,0,B.Sc CS,Professional with 0 years experience. Skills: AWS GCP cloud computing S3 BigQuery deployment ETL pipeline data cleaning transformation processing. Strong analytical problem solving communication skills.
R167,Vijay Sharma,candidate167@email.com,5,B.Tech CSE,Professional with 5 years experience. Skills: Java Spring Boot REST API backend development ETL pipeline data cleaning transformation processing Excel VLOOKUP pivot tables reporting analytics. Strong analytical problem solving communication skills.
R168,Anita Singh,candidate168@email.com,3,B.Tech CSE,Professional with 3 years experience. Skills: AWS GCP cloud computing S3 BigQuery deployment Machine Learning scikit-learn TensorFlow deep learning Excel VLOOKUP pivot tables reporting analytics. Strong analytical problem solving communication skills.
R169,Pooja Nair,candidate169@email.com,1,M.Tech,Professional with 1 years experience. Skills: Java Spring Boot REST API backend development Excel VLOOKUP pivot tables reporting analytics Python Pandas NumPy SQL MySQL data analysis JavaScript React Node.js HTML CSS frontend. Strong analytical problem solving communication skills.
R170,Deepak Iyer,candidate170@email.com,1,B.Tech IT,Professional with 1 years experience. Skills: ETL pipeline data cleaning transformation processing Python Pandas NumPy SQL MySQL data analysis AWS GCP cloud computing S3 BigQuery deployment. Strong analytical problem solving communication skills.
R171,Anita Patel,candidate171@email.com,2,BCA,Professional with 2 years experience. Skills: ETL pipeline data cleaning transformation processing Machine Learning scikit-learn TensorFlow deep learning Excel VLOOKUP pivot tables reporting analytics Python Pandas NumPy SQL MySQL data analysis. Strong analytical problem solving communication skills.
R172,Rohit Verma,candidate172@email.com,4,B.Sc CS,Professional with 4 years experience. Skills: ETL pipeline data cleaning transformation processing Excel VLOOKUP pivot tables reporting analytics Python Pandas NumPy SQL MySQL data analysis. Strong analytical problem solving communication skills.
R173,Deepak Joshi,candidate173@email.com,5,B.Sc CS,Professional with 5 years experience. Skills: Java Spring Boot REST API backend development Power BI Tableau data visualization dashboard KPI AWS GCP cloud computing S3 BigQuery deployment ETL pipeline data cleaning transformation processing. Strong analytical problem solving communication skills.
R174,Ravi Verma,candidate174@email.com,5,M.Tech,Professional with 5 years experience. Skills: AWS GCP cloud computing S3 BigQuery deployment Excel VLOOKUP pivot tables reporting analytics NLP TF-IDF text processing NLTK cosine similarity Git GitHub version control agile scrum methodology. Strong analytical problem solving communication skills.
R175,Vijay Joshi,candidate175@email.com,1,BCA,Professional with 1 years experience. Skills: Power BI Tableau data visualization dashboard KPI ETL pipeline data cleaning transformation processing. Strong analytical problem solving communication skills.
R176,Anita Verma,candidate176@email.com,1,B.Tech IT,Professional with 1 years experience. Skills: JavaScript React Node.js HTML CSS frontend Git GitHub version control agile scrum methodology ETL pipeline data cleaning transformation processing Excel VLOOKUP pivot tables reporting analytics. Strong analytical problem solving communication skills.
R177,Anita Singh,candidate177@email.com,2,BCA,Professional with 2 years experience. Skills: Git GitHub version control agile scrum methodology Machine Learning scikit-learn TensorFlow deep learning Java Spring Boot REST API backend development. Strong analytical problem solving communication skills.
R178,Deepak Joshi,candidate178@email.com,5,M.Tech,Professional with 5 years experience. Skills: Python Pandas NumPy SQL MySQL data analysis Java Spring Boot REST API backend development. Strong analytical problem solving communication skills.
R179,Sunita Joshi,candidate179@email.com,0,M.Tech,Professional with 0 years experience. Skills: Python Pandas NumPy SQL MySQL data analysis Excel VLOOKUP pivot tables reporting analytics JavaScript React Node.js HTML CSS frontend Machine Learning scikit-learn TensorFlow deep learning. Strong analytical problem solving communication skills.
R180,Ravi Iyer,candidate180@email.com,4,B.Sc CS,Professional with 4 years experience. Skills: Machine Learning scikit-learn TensorFlow deep learning Excel VLOOKUP pivot tables reporting analytics. Strong analytical problem solving communication skills.
R181,Rohit Reddy,candidate181@email.com,3,B.Tech IT,Professional with 3 years experience. Skills: Git GitHub version control agile scrum methodology Excel VLOOKUP pivot tables reporting analytics NLP TF-IDF text processing NLTK cosine similarity Python Pandas NumPy SQL MySQL data analysis. Strong analytical problem solving communication skills.
R182,Sunita Kumar,candidate182@email.com,5,M.Tech,Professional with 5 years experience. Skills: JavaScript React Node.js HTML CSS frontend Excel VLOOKUP pivot tables reporting analytics. Strong analytical problem solving communication skills.
R183,Kavya Patel,candidate183@email.com,1,M.Tech,Professional with 1 years experience. Skills: ETL pipeline data cleaning transformation processing Machine Learning scikit-learn TensorFlow deep learning Power BI Tableau data visualization dashboard KPI. Strong analytical problem solving communication skills.
R184,Sunita Sharma,candidate184@email.com,5,B.Tech IT,Professional with 5 years experience. Skills: Power BI Tableau data visualization dashboard KPI NLP TF-IDF text processing NLTK cosine similarity. Strong analytical problem solving communication skills.
R185,Manoj Patel,candidate185@email.com,0,M.Tech,Professional with 0 years experience. Skills: NLP TF-IDF text processing NLTK cosine similarity AWS GCP cloud computing S3 BigQuery deployment. Strong analytical problem solving communication skills.
R186,Rohit Joshi,candidate186@email.com,4,B.Sc CS,Professional with 4 years experience. Skills: AWS GCP cloud computing S3 BigQuery deployment JavaScript React Node.js HTML CSS frontend ETL pipeline data cleaning transformation processing. Strong analytical problem solving communication skills.
R187,Rohit Patel,candidate187@email.com,5,B.Tech IT,Professional with 5 years experience. Skills: NLP TF-IDF text processing NLTK cosine similarity Python Pandas NumPy SQL MySQL data analysis Power BI Tableau data visualization dashboard KPI Git GitHub version control agile scrum methodology. Strong analytical problem solving communication skills.
R188,Vijay Kumar,candidate188@email.com,4,B.Tech IT,Professional with 4 years experience. Skills: Machine Learning scikit-learn TensorFlow deep learning Git GitHub version control agile scrum methodology JavaScript React Node.js HTML CSS frontend Excel VLOOKUP pivot tables reporting analytics. Strong analytical problem solving communication skills.
R189,Rohit Sharma,candidate189@email.com,1,B.Tech CSE,Professional with 1 years experience. Skills: Power BI Tableau data visualization dashboard KPI JavaScript React Node.js HTML CSS frontend Excel VLOOKUP pivot tables reporting analytics. Strong analytical problem solving communication skills.
R190,Ravi Singh,candidate190@email.com,5,M.Tech,Professional with 5 years experience. Skills: AWS GCP cloud computing S3 BigQuery deployment Machine Learning scikit-learn TensorFlow deep learning Excel VLOOKUP pivot tables reporting analytics. Strong analytical problem solving communication skills.
R191,Rohit Verma,candidate191@email.com,0,B.Sc CS,Professional with 0 years experience. Skills: Python Pandas NumPy SQL MySQL data analysis ETL pipeline data cleaning transformation processing AWS GCP cloud computing S3 BigQuery deployment Power BI Tableau data visualization dashboard KPI. Strong analytical problem solving communication skills.
R192,Sunita Sharma,candidate192@email.com,6,M.Tech,Professional with 6 years experience. Skills: ETL pipeline data cleaning transformation processing Java Spring Boot REST API backend development Git GitHub version control agile scrum methodology Excel VLOOKUP pivot tables reporting analytics. Strong analytical problem solving communication skills.
R193,Manoj Joshi,candidate193@email.com,6,B.Sc CS,Professional with 6 years experience. Skills: ETL pipeline data cleaning transformation processing Machine Learning scikit-learn TensorFlow deep learning NLP TF-IDF text processing NLTK cosine similarity AWS GCP cloud computing S3 BigQuery deployment. Strong analytical problem solving communication skills.
R194,Sunita Iyer,candidate194@email.com,0,M.Tech,Professional with 0 years experience. Skills: Python Pandas NumPy SQL MySQL data analysis AWS GCP cloud computing S3 BigQuery deployment. Strong analytical problem solving communication skills.
R195,Ravi Sharma,candidate195@email.com,6,BCA,Professional with 6 years experience. Skills: Python Pandas NumPy SQL MySQL data analysis Java Spring Boot REST API backend development Power BI Tableau data visualization dashboard KPI Machine Learning scikit-learn TensorFlow deep learning. Strong analytical problem solving communication skills.
R196,Anita Nair,candidate196@email.com,5,B.Tech IT,Professional with 5 years experience. Skills: Power BI Tableau data visualization dashboard KPI AWS GCP cloud computing S3 BigQuery deployment Java Spring Boot REST API backend development ETL pipeline data cleaning transformation processing. Strong analytical problem solving communication skills.
R197,Anita Reddy,candidate197@email.com,1,M.Tech,Professional with 1 years experience. Skills: ETL pipeline data cleaning transformation processing Machine Learning scikit-learn TensorFlow deep learning. Strong analytical problem solving communication skills.
R198,Deepak Verma,candidate198@email.com,1,B.Tech IT,Professional with 1 years experience. Skills: Git GitHub version control agile scrum methodology Excel VLOOKUP pivot tables reporting analytics ETL pipeline data cleaning transformation processing. Strong analytical problem solving communication skills.
R199,Amit Joshi,candidate199@email.com,0,B.Sc CS,Professional with 0 years experience. Skills: ETL pipeline data cleaning transformation processing Power BI Tableau data visualization dashboard KPI. Strong analytical problem solving communication skills.
R200,Manoj Reddy,candidate200@email.com,3,M.Tech,Professional with 3 years experience. Skills: Java Spring Boot REST API backend development Git GitHub version control agile scrum methodology JavaScript React Node.js HTML CSS frontend Excel VLOOKUP pivot tables reporting analytics. Strong analytical problem solving communication skills.
R201,Pooja Reddy,candidate201@email.com,3,BCA,Professional with 3 years experience. Skills: Machine Learning scikit-learn TensorFlow deep learning Excel VLOOKUP pivot tables reporting analytics. Strong analytical problem solving communication skills.
R202,Manoj Singh,candidate202@email.com,4,B.Tech IT,Professional with 4 years experience. Skills: Machine Learning scikit-learn TensorFlow deep learning Python Pandas NumPy SQL MySQL data analysis. Strong analytical problem solving communication skills.
R203,Anita Reddy,candidate203@email.com,5,B.Tech IT,Professional with 5 years experience. Skills: Power BI Tableau data visualization dashboard KPI Excel VLOOKUP pivot tables reporting analytics Machine Learning scikit-learn TensorFlow deep learning. Strong analytical problem solving communication skills.
R204,Pooja Singh,candidate204@email.com,3,B.Sc CS,Professional with 3 years experience. Skills: Power BI Tableau data visualization dashboard KPI Excel VLOOKUP pivot tables reporting analytics NLP TF-IDF text processing NLTK cosine similarity. Strong analytical problem solving communication skills.
R205,Manoj Kumar,candidate205@email.com,5,BCA,Professional with 5 years experience. Skills: Excel VLOOKUP pivot tables reporting analytics Java Spring Boot REST API backend development. Strong analytical problem solving communication skills.
R206,Deepak Joshi,candidate206@email.com,1,B.Tech IT,Professional with 1 years experience. Skills: Machine Learning scikit-learn TensorFlow deep learning ETL pipeline data cleaning transformation processing AWS GCP cloud computing S3 BigQuery deployment. Strong analytical problem solving communication skills.
R207,Sunita Patel,candidate207@email.com,0,BCA,Professional with 0 years experience. Skills: Python Pandas NumPy SQL MySQL data analysis Excel VLOOKUP pivot tables reporting analytics. Strong analytical problem solving communication skills.
R208,Kavya Nair,candidate208@email.com,3,BCA,Professional with 3 years experience. Skills: ETL pipeline data cleaning transformation processing Python Pandas NumPy SQL MySQL data analysis. Strong analytical problem solving communication skills.
R209,Sunita Iyer,candidate209@email.com,3,B.Sc CS,Professional with 3 years experience. Skills: Java Spring Boot REST API backend development Machine Learning scikit-learn TensorFlow deep learning. Strong analytical problem solving communication skills.
R210,Kavya Reddy,candidate210@email.com,6,B.Tech IT,Professional with 6 years experience. Skills: NLP TF-IDF text processing NLTK cosine similarity Machine Learning scikit-learn TensorFlow deep learning ETL pipeline data cleaning transformation processing. Strong analytical problem solving communication skills.
